name,epic,yahoo_ticker,sector,fiscal_year,currency,revenue,gross_profit,operating_income,net_income,gross_margin,operating_margin,net_margin,retrieved_at
4imprint,FOUR,FOUR.L,Media,2022,USD,1140300000.0,392900000.0,108000000.0,80100000.0,0.3446,0.0947,0.0702,2026-08-10
4imprint,FOUR,FOUR.L,Media,2023,USD,1326500000.0,401900000.0,136200000.0,106200000.0,0.303,0.1027,0.0801,2026-08-10
4imprint,FOUR,FOUR.L,Media,2024,USD,1367900000.0,435400000.0,148100000.0,117200000.0,0.3183,0.1083,0.0857,2026-08-10
4imprint,FOUR,FOUR.L,Media,2025,USD,1346800000.0,436000000.0,145200000.0,113600000.0,0.3237,0.1078,0.0843,2026-08-10
A.G. Barr,BAG,BAG.L,Beverages,2023,GBP,317600000.0,128100000.0,44000000.0,33900000.0,0.4033,0.1385,0.1067,2026-08-10
A.G. Barr,BAG,BAG.L,Beverages,2024,GBP,400000000.0,154200000.0,50100000.0,38500000.0,0.3855,0.1253,0.0963,2026-08-10
A.G. Barr,BAG,BAG.L,Beverages,2025,GBP,420400000.0,164300000.0,51700000.0,39700000.0,0.3908,0.123,0.0944,2026-08-10
A.G. Barr,BAG,BAG.L,Beverages,2026,GBP,437300000.0,177300000.0,61600000.0,47100000.0,0.4054,0.1409,0.1077,2026-08-10
AEP Plantations,AEP,AEP.L,Food Producers,2022,USD,447619000.0,137403000.0,127110000.0,88916000.0,0.307,0.284,0.1986,2026-08-10
AEP Plantations,AEP,AEP.L,Food Producers,2023,USD,370435000.0,78007000.0,69702000.0,53225000.0,0.2106,0.1882,0.1437,2026-08-10
AEP Plantations,AEP,AEP.L,Food Producers,2024,USD,372263000.0,88622000.0,81187000.0,67514000.0,0.2381,0.2181,0.1814,2026-08-10
AEP Plantations,AEP,AEP.L,Food Producers,2025,USD,465211000.0,123821000.0,111854000.0,90882000.0,0.2662,0.2404,0.1954,2026-08-10
AJ Bell,AJB,AJB.L,Financial Services,2022,GBP,163847000.0,,58981000.0,46739000.0,,0.36,0.2853,2026-08-10
AJ Bell,AJB,AJB.L,Financial Services,2023,GBP,218234000.0,,86220000.0,68219000.0,,0.3951,0.3126,2026-08-10
AJ Bell,AJB,AJB.L,Financial Services,2024,GBP,269435000.0,,113517000.0,84295000.0,,0.4213,0.3129,2026-08-10
AJ Bell,AJB,AJB.L,Financial Services,2025,GBP,317847000.0,,133098000.0,105121000.0,,0.4187,0.3307,2026-08-10
AO World,AO,AO.L,Retail,2023,GBP,1138600000.0,238200000.0,12500000.0,-2600000.0,0.2092,0.011,-0.0023,2026-08-10
AO World,AO,AO.L,Retail,2024,GBP,1039300000.0,243300000.0,35600000.0,24700000.0,0.2341,0.0343,0.0238,2026-08-10
AO World,AO,AO.L,Retail,2025,GBP,1137600000.0,276000000.0,40500000.0,10500000.0,0.2426,0.0356,0.0092,2026-08-10
AO World,AO,AO.L,Retail,2026,GBP,1266500000.0,316100000.0,49300000.0,35900000.0,0.2496,0.0389,0.0283,2026-08-10
Aberdeen Group,ABDN,ABDN.L,Financial Services,2022,GBP,1392000000.0,,,-547000000.0,,,-0.393,2026-08-10
Aberdeen Group,ABDN,ABDN.L,Financial Services,2023,GBP,1448000000.0,,,12000000.0,,,0.0083,2026-08-10
Aberdeen Group,ABDN,ABDN.L,Financial Services,2024,GBP,1529000000.0,,,248000000.0,,,0.1622,2026-08-10
Aberdeen Group,ABDN,ABDN.L,Financial Services,2025,GBP,1745000000.0,,,399000000.0,,,0.2287,2026-08-10
Alfa Financial Software,ALFA,ALFA.L,Software and Computer Services,2022,GBP,93300000.0,59900000.0,29600000.0,24500000.0,0.642,0.3173,0.2626,2026-08-10
Alfa Financial Software,ALFA,ALFA.L,Software and Computer Services,2023,GBP,102000000.0,63700000.0,30100000.0,23500000.0,0.6245,0.2951,0.2304,2026-08-10
Alfa Financial Software,ALFA,ALFA.L,Software and Computer Services,2024,GBP,109900000.0,70900000.0,34300000.0,25600000.0,0.6451,0.3121,0.2329,2026-08-10
Alfa Financial Software,ALFA,ALFA.L,Software and Computer Services,2025,GBP,126700000.0,80700000.0,40100000.0,30100000.0,0.6369,0.3165,0.2376,2026-08-10
Applied Nutrition,APN,APN.L,Food Producers,2022,GBP,35028000.0,14078000.0,9945000.0,8206000.0,0.4019,0.2839,0.2343,2026-08-10
Applied Nutrition,APN,APN.L,Food Producers,2023,GBP,60781000.0,27146000.0,17908000.0,13819000.0,0.4466,0.2946,0.2274,2026-08-10
Applied Nutrition,APN,APN.L,Food Producers,2024,GBP,86200000.0,41300000.0,23700000.0,18700000.0,0.4791,0.2749,0.2169,2026-08-10
Applied Nutrition,APN,APN.L,Food Producers,2025,GBP,107100000.0,49300000.0,28100000.0,21100000.0,0.4603,0.2624,0.197,2026-08-10
Ashmore Group,ASHM,ASHM.L,Financial Services,2022,GBP,254400000.0,232300000.0,168900000.0,88500000.0,0.9131,0.6639,0.3479,2026-08-10
Ashmore Group,ASHM,ASHM.L,Financial Services,2023,GBP,193200000.0,169200000.0,97000000.0,83300000.0,0.8758,0.5021,0.4312,2026-08-10
Ashmore Group,ASHM,ASHM.L,Financial Services,2024,GBP,189000000.0,164000000.0,71900000.0,93700000.0,0.8677,0.3804,0.4958,2026-08-10
Ashmore Group,ASHM,ASHM.L,Financial Services,2025,GBP,144400000.0,120600000.0,43700000.0,81200000.0,0.8352,0.3026,0.5623,2026-08-10
Aston Martin Lagonda,AML,AML.L,Automobiles & Parts,2022,GBP,1381500000.0,450700000.0,-117900000.0,-528600000.0,0.3262,-0.0853,-0.3826,2026-08-10
Aston Martin Lagonda,AML,AML.L,Automobiles & Parts,2023,GBP,1632800000.0,639200000.0,-77100000.0,-228100000.0,0.3915,-0.0472,-0.1397,2026-08-10
Aston Martin Lagonda,AML,AML.L,Automobiles & Parts,2024,GBP,1583900000.0,583900000.0,-82700000.0,-323500000.0,0.3686,-0.0522,-0.2042,2026-08-10
Aston Martin Lagonda,AML,AML.L,Automobiles & Parts,2025,GBP,1257700000.0,369800000.0,-189100000.0,-493200000.0,0.294,-0.1504,-0.3921,2026-08-10
Atalaya Mining,ATYM,ATYM.L,Industrial Metals and Mining,2022,EUR,361846000.0,39452000.0,21195000.0,33155000.0,0.109,0.0586,0.0916,2026-08-10
Atalaya Mining,ATYM,ATYM.L,Industrial Metals and Mining,2023,EUR,340346000.0,55916000.0,35300000.0,38769000.0,0.1643,0.1037,0.1139,2026-08-10
Atalaya Mining,ATYM,ATYM.L,Industrial Metals and Mining,2024,EUR,326797000.0,49396000.0,29739000.0,31738000.0,0.1512,0.091,0.0971,2026-08-10
Atalaya Mining,ATYM,ATYM.L,Industrial Metals and Mining,2025,EUR,482915000.0,154406000.0,132236000.0,85577000.0,0.3197,0.2738,0.1772,2026-08-10
Avon Technologies,AVON,AVON.L,Industrial Goods and Services,2022,USD,263500000.0,88900000.0,11000000.0,-7600000.0,0.3374,0.0417,-0.0288,2026-08-10
Avon Technologies,AVON,AVON.L,Industrial Goods and Services,2023,USD,243800000.0,85900000.0,-12600000.0,-14400000.0,0.3523,-0.0517,-0.0591,2026-08-10
Avon Technologies,AVON,AVON.L,Industrial Goods and Services,2024,USD,275000000.0,105800000.0,10700000.0,3000000.0,0.3847,0.0389,0.0109,2026-08-10
Avon Technologies,AVON,AVON.L,Industrial Goods and Services,2025,USD,313900000.0,128700000.0,19200000.0,10300000.0,0.41,0.0612,0.0328,2026-08-10
B&M,BME,BME.L,Retailers,2023,GBP,4983000000.0,1801000000.0,536000000.0,348000000.0,0.3614,0.1076,0.0698,2026-08-10
B&M,BME,BME.L,Retailers,2024,GBP,5484000000.0,2035000000.0,608000000.0,367000000.0,0.3711,0.1109,0.0669,2026-08-10
B&M,BME,BME.L,Retailers,2025,GBP,5571000000.0,2092000000.0,566000000.0,319000000.0,0.3755,0.1016,0.0573,2026-08-10
B&M,BME,BME.L,Retailers,2026,GBP,5775000000.0,2105000000.0,374000000.0,164000000.0,0.3645,0.0648,0.0284,2026-08-10
Balfour Beatty,BBY,BBY.L,Construction & Materials,2022,GBP,7629000000.0,427000000.0,170000000.0,288000000.0,0.056,0.0223,0.0378,2026-08-10
Balfour Beatty,BBY,BBY.L,Construction & Materials,2023,GBP,7993000000.0,400000000.0,134000000.0,197000000.0,0.05,0.0168,0.0246,2026-08-10
Balfour Beatty,BBY,BBY.L,Construction & Materials,2024,GBP,8234000000.0,351000000.0,71000000.0,178000000.0,0.0426,0.0086,0.0216,2026-08-10
Balfour Beatty,BBY,BBY.L,Construction & Materials,2025,GBP,9489000000.0,468000000.0,188000000.0,263000000.0,0.0493,0.0198,0.0277,2026-08-10
Baltic Classifieds,BCG,BCG.L,Consumer Digital Services,2023,EUR,60814000.0,,29135000.0,23215000.0,,0.4791,0.3817,2026-08-10
Baltic Classifieds,BCG,BCG.L,Consumer Digital Services,2024,EUR,72067000.0,,38387000.0,32048000.0,,0.5327,0.4447,2026-08-10
Baltic Classifieds,BCG,BCG.L,Consumer Digital Services,2025,EUR,82811000.0,,53537000.0,44756000.0,,0.6465,0.5405,2026-08-10
Baltic Classifieds,BCG,BCG.L,Consumer Digital Services,2026,EUR,88485000.0,,60417000.0,50943000.0,,0.6828,0.5757,2026-08-10
Bellway,BWY,BWY.L,Home Construction,2022,GBP,3536800000.0,442800000.0,309000000.0,242600000.0,0.1252,0.0874,0.0686,2026-08-10
Bellway,BWY,BWY.L,Home Construction,2023,GBP,3406600000.0,648700000.0,505300000.0,365000000.0,0.1904,0.1483,0.1071,2026-08-10
Bellway,BWY,BWY.L,Home Construction,2024,GBP,2380200000.0,361200000.0,212800000.0,130500000.0,0.1518,0.0894,0.0548,2026-08-10
Bodycote,BOY,BOY.L,Industrial Engineering,2022,GBP,743600000.0,97400000.0,102100000.0,73700000.0,0.131,0.1373,0.0991,2026-08-10
Bodycote,BOY,BOY.L,Industrial Engineering,2023,GBP,802500000.0,108100000.0,119400000.0,85600000.0,0.1347,0.1488,0.1067,2026-08-10
Bodycote,BOY,BOY.L,Industrial Engineering,2024,GBP,757100000.0,109300000.0,118600000.0,20000000.0,0.1444,0.1567,0.0264,2026-08-10
Bodycote,BOY,BOY.L,Industrial Engineering,2025,GBP,727100000.0,100100000.0,105900000.0,54900000.0,0.1377,0.1456,0.0755,2026-08-10
Breedon Group,BREE,BREE.L,Construction & Materials,2022,GBP,1396300000.0,1150100000.0,147600000.0,112500000.0,0.8237,0.1057,0.0806,2026-08-10
Breedon Group,BREE,BREE.L,Construction & Materials,2023,GBP,1487500000.0,1224400000.0,146200000.0,105500000.0,0.8231,0.0983,0.0709,2026-08-10
Breedon Group,BREE,BREE.L,Construction & Materials,2024,GBP,1576300000.0,1269500000.0,155900000.0,96200000.0,0.8054,0.0989,0.061,2026-08-10
Breedon Group,BREE,BREE.L,Construction & Materials,2025,GBP,1713800000.0,1367700000.0,131300000.0,83800000.0,0.7981,0.0766,0.0489,2026-08-10
Bridgepoint Group,BPT,BPT.L,Financial Services,2022,GBP,265700000.0,168100000.0,77000000.0,120600000.0,0.6327,0.2898,0.4539,2026-08-10
Bridgepoint Group,BPT,BPT.L,Financial Services,2023,GBP,295300000.0,199600000.0,99900000.0,70700000.0,0.6759,0.3383,0.2394,2026-08-10
Bridgepoint Group,BPT,BPT.L,Financial Services,2024,GBP,388300000.0,261400000.0,82100000.0,64800000.0,0.6732,0.2114,0.1669,2026-08-10
Bridgepoint Group,BPT,BPT.L,Financial Services,2025,GBP,476000000.0,288200000.0,33500000.0,41500000.0,0.6055,0.0704,0.0872,2026-08-10
Bytes Technology Group,BYIT,BYIT.L,Aerospace & Defence,2023,GBP,184421000.0,129573000.0,50883000.0,40421000.0,0.7026,0.2759,0.2192,2026-08-10
Bytes Technology Group,BYIT,BYIT.L,Aerospace & Defence,2024,GBP,207021000.0,145778000.0,56712000.0,46851000.0,0.7042,0.2739,0.2263,2026-08-10
Bytes Technology Group,BYIT,BYIT.L,Aerospace & Defence,2025,GBP,217134000.0,163254000.0,66426000.0,54841000.0,0.7519,0.3059,0.2526,2026-08-10
Bytes Technology Group,BYIT,BYIT.L,Aerospace & Defence,2026,GBP,220562000.0,167311000.0,62732000.0,51282000.0,0.7586,0.2844,0.2325,2026-08-10
C&C Group,CCR,CCR.L,Food & Tobacco,2023,EUR,1686200000.0,395000000.0,82400000.0,40300000.0,0.2343,0.0489,0.0239,2026-08-10
C&C Group,CCR,CCR.L,Food & Tobacco,2024,EUR,1652500000.0,381100000.0,60600000.0,-113500000.0,0.2306,0.0367,-0.0687,2026-08-10
C&C Group,CCR,CCR.L,Food & Tobacco,2025,EUR,1665500000.0,383400000.0,74400000.0,13600000.0,0.2302,0.0447,0.0082,2026-08-10
C&C Group,CCR,CCR.L,Food & Tobacco,2026,EUR,1569800000.0,378800000.0,68400000.0,3500000.0,0.2413,0.0436,0.0022,2026-08-10
CMC Markets,CMCX,CMCX.L,Financial Services,2023,GBP,325137000.0,186863000.0,62272000.0,41439000.0,0.5747,0.1915,0.1275,2026-08-10
CMC Markets,CMCX,CMCX.L,Financial Services,2024,GBP,359745000.0,214314000.0,82944000.0,46886000.0,0.5957,0.2306,0.1303,2026-08-10
CMC Markets,CMCX,CMCX.L,Financial Services,2025,GBP,360099000.0,226424000.0,94411000.0,62187000.0,0.6288,0.2622,0.1727,2026-08-10
CMC Markets,CMCX,CMCX.L,Financial Services,2026,GBP,418667000.0,268807000.0,111140000.0,74355000.0,0.6421,0.2655,0.1776,2026-08-10
CVS Group,CVSG,CVSG.L,Health Care,2022,GBP,554200000.0,239100000.0,42800000.0,25700000.0,0.4314,0.0772,0.0464,2026-08-10
CVS Group,CVSG,CVSG.L,Health Care,2023,GBP,588900000.0,258100000.0,68400000.0,41900000.0,0.4383,0.1161,0.0711,2026-08-10
CVS Group,CVSG,CVSG.L,Health Care,2024,GBP,638700000.0,268700000.0,47800000.0,6400000.0,0.4207,0.0748,0.01,2026-08-10
Ceres Power,CWR,CWR.L,Alternative Energy,2022,GBP,19788000.0,10709000.0,-54013000.0,-47615000.0,0.5412,-2.7296,-2.4063,2026-08-10
Ceres Power,CWR,CWR.L,Alternative Energy,2023,GBP,22324000.0,13554000.0,-59401000.0,-54008000.0,0.6071,-2.6609,-2.4193,2026-08-10
Ceres Power,CWR,CWR.L,Alternative Energy,2024,GBP,51891000.0,40164000.0,-31317000.0,-28305000.0,0.774,-0.6035,-0.5455,2026-08-10
Ceres Power,CWR,CWR.L,Alternative Energy,2025,GBP,32643000.0,22704000.0,-44201000.0,-47546000.0,0.6955,-1.3541,-1.4565,2026-08-10
Chemring Group,CHG,CHG.L,Aerospace & Defence,2022,GBP,401000000.0,,49400000.0,47400000.0,,0.1232,0.1182,2026-08-10
Chemring Group,CHG,CHG.L,Aerospace & Defence,2023,GBP,472600000.0,,45400000.0,5400000.0,,0.0961,0.0114,2026-08-10
Chemring Group,CHG,CHG.L,Aerospace & Defence,2024,GBP,488300000.0,,56600000.0,39500000.0,,0.1159,0.0809,2026-08-10
Chemring Group,CHG,CHG.L,Aerospace & Defence,2025,GBP,497500000.0,,73400000.0,48200000.0,,0.1475,0.0969,2026-08-10
Chesnara,CSN,CSN.L,Life Insurance,2022,GBP,-1289000000.0,,-51600000.0,-33700000.0,,0.04,0.0261,2026-08-10
Chesnara,CSN,CSN.L,Life Insurance,2023,GBP,1032400000.0,,12700000.0,18600000.0,,0.0123,0.018,2026-08-10
Chesnara,CSN,CSN.L,Life Insurance,2024,GBP,1537500000.0,,31900000.0,3900000.0,,0.0207,0.0025,2026-08-10
Chesnara,CSN,CSN.L,Life Insurance,2025,GBP,897100000.0,,30200000.0,-10400000.0,,0.0337,-0.0116,2026-08-10
Clarkson,CKN,CKN.L,Industrial Transportation,2022,GBP,603800000.0,582000000.0,100600000.0,75600000.0,0.9639,0.1666,0.1252,2026-08-10
Clarkson,CKN,CKN.L,Industrial Transportation,2023,GBP,639400000.0,609000000.0,99700000.0,83800000.0,0.9525,0.1559,0.1311,2026-08-10
Clarkson,CKN,CKN.L,Industrial Transportation,2024,GBP,661400000.0,627700000.0,100900000.0,84900000.0,0.949,0.1526,0.1284,2026-08-10
Clarkson,CKN,CKN.L,Industrial Transportation,2025,GBP,631400000.0,592300000.0,77000000.0,65700000.0,0.9381,0.122,0.1041,2026-08-10
Close Brothers Group,CBG,CBG.L,Financial Services,2022,GBP,1006600000.0,,,165200000.0,,,0.1641,2026-08-10
Close Brothers Group,CBG,CBG.L,Financial Services,2023,GBP,1010600000.0,,,81100000.0,,,0.0802,2026-08-10
Close Brothers Group,CBG,CBG.L,Financial Services,2024,GBP,793000000.0,,,100400000.0,,,0.1266,2026-08-10
Coats Group,COA,COA.L,Consumer Staples,2022,USD,1537600000.0,478400000.0,220200000.0,-14700000.0,0.3111,0.1432,-0.0096,2026-08-10
Coats Group,COA,COA.L,Consumer Staples,2023,USD,1394200000.0,465100000.0,218400000.0,56500000.0,0.3336,0.1566,0.0405,2026-08-10
Coats Group,COA,COA.L,Consumer Staples,2024,USD,1433000000.0,528000000.0,253200000.0,80100000.0,0.3685,0.1767,0.0559,2026-08-10
Coats Group,COA,COA.L,Consumer Staples,2025,USD,1464900000.0,573800000.0,288500000.0,103400000.0,0.3917,0.1969,0.0706,2026-08-10
Computacenter,CCC,CCC.L,Software & Computer Services,2022,GBP,6470500000.0,947100000.0,256400000.0,182800000.0,0.1464,0.0396,0.0283,2026-08-10
Computacenter,CCC,CCC.L,Software & Computer Services,2023,GBP,6922800000.0,1044000000.0,260700000.0,197600000.0,0.1508,0.0377,0.0285,2026-08-10
Computacenter,CCC,CCC.L,Software & Computer Services,2024,GBP,6964800000.0,1035000000.0,236100000.0,170800000.0,0.1486,0.0339,0.0245,2026-08-10
Computacenter,CCC,CCC.L,Software & Computer Services,2025,GBP,9193900000.0,1144100000.0,264600000.0,153700000.0,0.1244,0.0288,0.0167,2026-08-10
Costain Group,COST,COST.L,Engineering and Construction,2022,GBP,1421400000.0,92700000.0,34900000.0,25900000.0,0.0652,0.0246,0.0182,2026-08-10
Costain Group,COST,COST.L,Engineering and Construction,2023,GBP,1332000000.0,104800000.0,26800000.0,22100000.0,0.0787,0.0201,0.0166,2026-08-10
Costain Group,COST,COST.L,Engineering and Construction,2024,GBP,1251100000.0,103300000.0,31100000.0,30600000.0,0.0826,0.0249,0.0245,2026-08-10
Costain Group,COST,COST.L,Engineering and Construction,2025,GBP,1045700000.0,113800000.0,44800000.0,37300000.0,0.1088,0.0428,0.0357,2026-08-10
Cranswick,CWK,CWK.L,Food Producers,2023,GBP,2323000000.0,308500000.0,148900000.0,111400000.0,0.1328,0.0641,0.048,2026-08-10
Cranswick,CWK,CWK.L,Food Producers,2024,GBP,2599300000.0,376900000.0,182300000.0,113100000.0,0.145,0.0701,0.0435,2026-08-10
Cranswick,CWK,CWK.L,Food Producers,2025,GBP,2723300000.0,408800000.0,192200000.0,134300000.0,0.1501,0.0706,0.0493,2026-08-10
Cranswick,CWK,CWK.L,Food Producers,2026,GBP,2982500000.0,471300000.0,232800000.0,158300000.0,0.158,0.0781,0.0531,2026-08-10
Currys,CURY,CURY.L,Retailers,2023,GBP,8874000000.0,1565000000.0,147000000.0,-481000000.0,0.1764,0.0166,-0.0542,2026-08-10
Currys,CURY,CURY.L,Retailers,2024,GBP,8476000000.0,1556000000.0,117000000.0,165000000.0,0.1836,0.0138,0.0195,2026-08-10
Currys,CURY,CURY.L,Retailers,2025,GBP,8706000000.0,1620000000.0,198000000.0,108000000.0,0.1861,0.0227,0.0124,2026-08-10
Currys,CURY,CURY.L,Retailers,2026,GBP,9254000000.0,1697000000.0,220000000.0,165000000.0,0.1834,0.0238,0.0178,2026-08-10
Domino's Pizza,DOM,DOM.L,Travel & Leisure,2022,GBP,600300000.0,273500000.0,102200000.0,81600000.0,0.4556,0.1702,0.1359,2026-08-10
Domino's Pizza,DOM,DOM.L,Travel & Leisure,2023,GBP,679800000.0,316200000.0,111900000.0,115000000.0,0.4651,0.1646,0.1692,2026-08-10
Domino's Pizza,DOM,DOM.L,Travel & Leisure,2024,GBP,664500000.0,318900000.0,117900000.0,90200000.0,0.4799,0.1774,0.1357,2026-08-10
Domino's Pizza,DOM,DOM.L,Travel & Leisure,2025,GBP,685400000.0,314700000.0,102300000.0,58600000.0,0.4591,0.1493,0.0855,2026-08-10
Dr. Martens,DOCS,DOCS.L,Retailers,2023,GBP,1000300000.0,618100000.0,190800000.0,128900000.0,0.6179,0.1907,0.1289,2026-08-10
Dr. Martens,DOCS,DOCS.L,Retailers,2024,GBP,877100000.0,575200000.0,128200000.0,69200000.0,0.6558,0.1462,0.0789,2026-08-10
Dr. Martens,DOCS,DOCS.L,Retailers,2025,GBP,787600000.0,511700000.0,44400000.0,4500000.0,0.6497,0.0564,0.0057,2026-08-10
Dr. Martens,DOCS,DOCS.L,Retailers,2026,GBP,764900000.0,506000000.0,60300000.0,23800000.0,0.6615,0.0788,0.0311,2026-08-10
Drax Group,DRX,DRX.L,Electricity,2022,GBP,7775300000.0,1023300000.0,241100000.0,85100000.0,0.1316,0.031,0.0109,2026-08-10
Drax Group,DRX,DRX.L,Electricity,2023,GBP,7733200000.0,1953600000.0,1016900000.0,562200000.0,0.2526,0.1315,0.0727,2026-08-10
Drax Group,DRX,DRX.L,Electricity,2024,GBP,6162500000.0,1876500000.0,914100000.0,526600000.0,0.3045,0.1483,0.0855,2026-08-10
Drax Group,DRX,DRX.L,Electricity,2025,GBP,5390700000.0,1512900000.0,631900000.0,73000000.0,0.2807,0.1172,0.0135,2026-08-10
Dunelm Group,DNLM,DNLM.L,Retailers,2022,GBP,1581400000.0,809400000.0,217700000.0,171200000.0,0.5118,0.1377,0.1083,2026-08-10
Dunelm Group,DNLM,DNLM.L,Retailers,2023,GBP,1638800000.0,820900000.0,198800000.0,151900000.0,0.5009,0.1213,0.0927,2026-08-10
Dunelm Group,DNLM,DNLM.L,Retailers,2024,GBP,1706500000.0,883300000.0,213300000.0,151200000.0,0.5176,0.125,0.0886,2026-08-10
Dunelm Group,DNLM,DNLM.L,Retailers,2025,GBP,1771000000.0,928300000.0,222000000.0,156300000.0,0.5242,0.1254,0.0883,2026-08-10
EasyJet,EZJ,EZJ.L,Travel and Leisure,2022,GBP,5769000000.0,801000000.0,-27000000.0,-169000000.0,0.1388,-0.0047,-0.0293,2026-08-10
EasyJet,EZJ,EZJ.L,Travel and Leisure,2023,GBP,8171000000.0,1379000000.0,453000000.0,324000000.0,0.1688,0.0554,0.0397,2026-08-10
EasyJet,EZJ,EZJ.L,Travel and Leisure,2024,GBP,9309000000.0,1560000000.0,597000000.0,452000000.0,0.1676,0.0641,0.0486,2026-08-10
EasyJet,EZJ,EZJ.L,Travel and Leisure,2025,GBP,10106000000.0,1695000000.0,703000000.0,494000000.0,0.1677,0.0696,0.0489,2026-08-10
Elementis,ELM,ELM.L,Chemicals,2022,USD,736400000.0,298900000.0,-41800000.0,-51100000.0,0.4059,-0.0568,-0.0694,2026-08-10
Elementis,ELM,ELM.L,Chemicals,2023,USD,713400000.0,284300000.0,58900000.0,26500000.0,0.3985,0.0826,0.0371,2026-08-10
Elementis,ELM,ELM.L,Chemicals,2024,USD,603800000.0,289600000.0,96000000.0,-47800000.0,0.4796,0.159,-0.0792,2026-08-10
Elementis,ELM,ELM.L,Chemicals,2025,USD,597500000.0,280100000.0,109000000.0,-45500000.0,0.4688,0.1824,-0.0762,2026-08-10
Energean,ENOG,ENOG.L,Oil & Gas Producers,2021,USD,496985000.0,151873000.0,30911000.0,-96046000.0,0.3056,0.0622,-0.1933,2026-08-10
Energean,ENOG,ENOG.L,Oil & Gas Producers,2022,USD,737081000.0,378151000.0,260814000.0,17271000.0,0.513,0.3538,0.0234,2026-08-10
Energean,ENOG,ENOG.L,Oil & Gas Producers,2023,USD,978495000.0,469209000.0,394360000.0,184935000.0,0.4795,0.403,0.189,2026-08-10
Energean,ENOG,ENOG.L,Oil & Gas Producers,2024,USD,1779413000.0,791128000.0,695888000.0,127447000.0,0.4446,0.3911,0.0716,2026-08-10
Eurowag,EWG,EWG.L,Financial Services,2022,EUR,2368252000.0,190857000.0,44592000.0,16630000.0,0.0806,0.0188,0.007,2026-08-10
Eurowag,EWG,EWG.L,Financial Services,2023,EUR,2088107000.0,256530000.0,69251000.0,-45637000.0,0.1229,0.0332,-0.0219,2026-08-10
Eurowag,EWG,EWG.L,Financial Services,2024,EUR,2236573000.0,292538000.0,67629000.0,2696000.0,0.1308,0.0302,0.0012,2026-08-10
Eurowag,EWG,EWG.L,Financial Services,2025,EUR,2308340000.0,330102000.0,79979000.0,2051000.0,0.143,0.0346,0.0009,2026-08-10
FirstGroup,FGP,FGP.L,Travel & Leisure,2023,GBP,3862000000.0,1059200000.0,162100000.0,87100000.0,0.2743,0.042,0.0226,2026-08-10
FirstGroup,FGP,FGP.L,Travel & Leisure,2024,GBP,4258300000.0,1568000000.0,194300000.0,-15900000.0,0.3682,0.0456,-0.0037,2026-08-10
FirstGroup,FGP,FGP.L,Travel & Leisure,2025,GBP,4653500000.0,1578100000.0,222700000.0,127500000.0,0.3391,0.0479,0.0274,2026-08-10
FirstGroup,FGP,FGP.L,Travel & Leisure,2026,GBP,4332700000.0,1483100000.0,209200000.0,118300000.0,0.3423,0.0483,0.0273,2026-08-10
Foresight Group,FSG,FSG.L,Investment Banking and Brokerage Services,2023,GBP,119155000.0,112852000.0,30337000.0,23625000.0,0.9471,0.2546,0.1983,2026-08-10
Foresight Group,FSG,FSG.L,Investment Banking and Brokerage Services,2024,GBP,141326000.0,134022000.0,35978000.0,26434000.0,0.9483,0.2546,0.187,2026-08-10
Foresight Group,FSG,FSG.L,Investment Banking and Brokerage Services,2025,GBP,148649000.0,142169000.0,53425000.0,33245000.0,0.9564,0.3594,0.2236,2026-08-10
Foresight Group,FSG,FSG.L,Investment Banking and Brokerage Services,2026,GBP,164919000.0,154689000.0,57102000.0,42831000.0,0.938,0.3462,0.2597,2026-08-10
Frasers Group,FRAS,FRAS.L,Retailers,2022,GBP,4691100000.0,2030600000.0,518700000.0,249800000.0,0.4329,0.1106,0.0532,2026-08-10
Frasers Group,FRAS,FRAS.L,Retailers,2023,GBP,5586000000.0,2395000000.0,447900000.0,491700000.0,0.4288,0.0802,0.088,2026-08-10
Frasers Group,FRAS,FRAS.L,Retailers,2024,GBP,5317000000.0,2409200000.0,514100000.0,380800000.0,0.4531,0.0967,0.0716,2026-08-10
Frasers Group,FRAS,FRAS.L,Retailers,2025,GBP,4925600000.0,2306400000.0,533700000.0,292100000.0,0.4682,0.1084,0.0593,2026-08-10
Funding Circle,FCH,FCH.L,Financial Services,2022,GBP,155700000.0,65100000.0,-12900000.0,-6900000.0,0.4181,-0.0829,-0.0443,2026-08-10
Funding Circle,FCH,FCH.L,Financial Services,2023,GBP,129700000.0,61500000.0,-9900000.0,-38300000.0,0.4742,-0.0763,-0.2953,2026-08-10
Funding Circle,FCH,FCH.L,Financial Services,2024,GBP,161700000.0,108900000.0,3800000.0,8600000.0,0.6735,0.0235,0.0532,2026-08-10
Funding Circle,FCH,FCH.L,Financial Services,2025,GBP,222500000.0,162400000.0,20400000.0,46000000.0,0.7299,0.0917,0.2067,2026-08-10
GB Group,GBG,GBG.L,Software and Computer Services,2023,GBP,278810000.0,197816000.0,-115451000.0,-119794000.0,0.7095,-0.4141,-0.4297,2026-08-10
GB Group,GBG,GBG.L,Software and Computer Services,2024,GBP,277325000.0,194520000.0,-41351000.0,-48583000.0,0.7014,-0.1491,-0.1752,2026-08-10
GB Group,GBG,GBG.L,Software and Computer Services,2025,GBP,282717000.0,197829000.0,22650000.0,8631000.0,0.6997,0.0801,0.0305,2026-08-10
GB Group,GBG,GBG.L,Software and Computer Services,2026,GBP,285044000.0,198192000.0,-68070000.0,-75087000.0,0.6953,-0.2388,-0.2634,2026-08-10
Galliford Try,GFRD,GFRD.L,Construction,2022,GBP,1237200000.0,79900000.0,10000000.0,6300000.0,0.0646,0.0081,0.0051,2026-08-10
Galliford Try,GFRD,GFRD.L,Construction,2023,GBP,1393700000.0,101400000.0,4800000.0,9100000.0,0.0728,0.0034,0.0065,2026-08-10
Galliford Try,GFRD,GFRD.L,Construction,2024,GBP,1763700000.0,119700000.0,13000000.0,27400000.0,0.0679,0.0074,0.0155,2026-08-10
Galliford Try,GFRD,GFRD.L,Construction,2025,GBP,1875200000.0,151500000.0,39700000.0,33600000.0,0.0808,0.0212,0.0179,2026-08-10
Gamma Communications,GAMA,GAMA.L,Telecommunications,2022,GBP,484600000.0,247700000.0,65400000.0,49300000.0,0.5111,0.135,0.1017,2026-08-10
Gamma Communications,GAMA,GAMA.L,Telecommunications,2023,GBP,521700000.0,267200000.0,83000000.0,53600000.0,0.5122,0.1591,0.1027,2026-08-10
Gamma Communications,GAMA,GAMA.L,Telecommunications,2024,GBP,579400000.0,300300000.0,90300000.0,69800000.0,0.5183,0.1559,0.1205,2026-08-10
Gamma Communications,GAMA,GAMA.L,Telecommunications,2025,GBP,645800000.0,348200000.0,101500000.0,64900000.0,0.5392,0.1572,0.1005,2026-08-10
Genuit Group,GEN,GEN.L,Construction & Materials,2022,GBP,622200000.0,247600000.0,80500000.0,36500000.0,0.3979,0.1294,0.0587,2026-08-10
Genuit Group,GEN,GEN.L,Construction & Materials,2023,GBP,586500000.0,245800000.0,76300000.0,38500000.0,0.4191,0.1301,0.0656,2026-08-10
Genuit Group,GEN,GEN.L,Construction & Materials,2024,GBP,561300000.0,250800000.0,78800000.0,33500000.0,0.4468,0.1404,0.0597,2026-08-10
Genuit Group,GEN,GEN.L,Construction & Materials,2025,GBP,602100000.0,265100000.0,79400000.0,45200000.0,0.4403,0.1319,0.0751,2026-08-10
Genus,GNS,GNS.L,Pharmaceuticals & Biotechnology,2022,GBP,593400000.0,147900000.0,51400000.0,40900000.0,0.2492,0.0866,0.0689,2026-08-10
Genus,GNS,GNS.L,Pharmaceuticals & Biotechnology,2023,GBP,689700000.0,187500000.0,44000000.0,33300000.0,0.2719,0.0638,0.0483,2026-08-10
Genus,GNS,GNS.L,Pharmaceuticals & Biotechnology,2024,GBP,668800000.0,178700000.0,6400000.0,7900000.0,0.2672,0.0096,0.0118,2026-08-10
Genus,GNS,GNS.L,Pharmaceuticals & Biotechnology,2025,GBP,672800000.0,,42400000.0,19300000.0,,0.063,0.0287,2026-08-10
Goodwin,GDWN,GDWN.L,General Industrials,2022,GBP,144108000.0,42704000.0,18307000.0,12980000.0,0.2963,0.127,0.0901,2026-08-10
Goodwin,GDWN,GDWN.L,General Industrials,2023,GBP,185742000.0,68769000.0,20313000.0,15904000.0,0.3702,0.1094,0.0856,2026-08-10
Goodwin,GDWN,GDWN.L,General Industrials,2024,GBP,191258000.0,77887000.0,26895000.0,16902000.0,0.4072,0.1406,0.0884,2026-08-10
Goodwin,GDWN,GDWN.L,General Industrials,2025,GBP,219709000.0,91609000.0,37112000.0,24569000.0,0.417,0.1689,0.1118,2026-08-10
Grafton Group,GFTU,GFTU.L,Support Services,2022,GBP,2301482000.0,868654000.0,240943000.0,208618000.0,0.3774,0.1047,0.0906,2026-08-10
Grafton Group,GFTU,GFTU.L,Support Services,2023,GBP,2319242000.0,851367000.0,184083000.0,148723000.0,0.3671,0.0794,0.0641,2026-08-10
Grafton Group,GFTU,GFTU.L,Support Services,2024,GBP,2282252000.0,845892000.0,153829000.0,122013000.0,0.3706,0.0674,0.0535,2026-08-10
Grafton Group,GFTU,GFTU.L,Support Services,2025,GBP,2519603000.0,955435000.0,162401000.0,136568000.0,0.3792,0.0645,0.0542,2026-08-10
Grainger,GRI,GRI.L,Real Estate Investment & Services,2022,GBP,277500000.0,153400000.0,113000000.0,229400000.0,0.5528,0.4072,0.8267,2026-08-10
Grainger,GRI,GRI.L,Real Estate Investment & Services,2023,GBP,265300000.0,154500000.0,121600000.0,25600000.0,0.5824,0.4583,0.0965,2026-08-10
Grainger,GRI,GRI.L,Real Estate Investment & Services,2024,GBP,284600000.0,162100000.0,126300000.0,31200000.0,0.5696,0.4438,0.1096,2026-08-10
Grainger,GRI,GRI.L,Real Estate Investment & Services,2025,GBP,258900000.0,164800000.0,127900000.0,202600000.0,0.6365,0.494,0.7825,2026-08-10
Greencoat UK Wind,UKW,UKW.L,"Gas, Water & Multiutilities",2022,GBP,966293000.0,,,953863000.0,,,0.9871,2026-08-10
Greencoat UK Wind,UKW,UKW.L,"Gas, Water & Multiutilities",2023,GBP,142750000.0,,,126188000.0,,,0.884,2026-08-10
Greencoat UK Wind,UKW,UKW.L,"Gas, Water & Multiutilities",2024,GBP,-33635000.0,,,-55415000.0,,,1.6475,2026-08-10
Greencoat UK Wind,UKW,UKW.L,"Gas, Water & Multiutilities",2025,GBP,-184341000.0,,,-192617000.0,,,1.0449,2026-08-10
Greencore,GNC,GNC.L,"Food, Beverage and Tobacco",2022,GBP,1739600000.0,523000000.0,70600000.0,32300000.0,0.3006,0.0406,0.0186,2026-08-10
Greencore,GNC,GNC.L,"Food, Beverage and Tobacco",2023,GBP,1913700000.0,568800000.0,76700000.0,35900000.0,0.2972,0.0401,0.0188,2026-08-10
Greencore,GNC,GNC.L,"Food, Beverage and Tobacco",2024,GBP,1807100000.0,599600000.0,99300000.0,46300000.0,0.3318,0.0549,0.0256,2026-08-10
Greencore,GNC,GNC.L,"Food, Beverage and Tobacco",2025,GBP,1947000000.0,632500000.0,130400000.0,57600000.0,0.3249,0.067,0.0296,2026-08-10
Greggs,GRG,GRG.L,Food & Drug Retailers,2022,GBP,1512800000.0,938300000.0,154400000.0,120300000.0,0.6202,0.1021,0.0795,2026-08-10
Greggs,GRG,GRG.L,Food & Drug Retailers,2023,GBP,1809600000.0,1099100000.0,171700000.0,142500000.0,0.6074,0.0949,0.0787,2026-08-10
Greggs,GRG,GRG.L,Food & Drug Retailers,2024,GBP,2014400000.0,1243600000.0,195300000.0,153400000.0,0.6174,0.097,0.0762,2026-08-10
Greggs,GRG,GRG.L,Food & Drug Retailers,2025,GBP,2151200000.0,1322100000.0,187500000.0,122200000.0,0.6146,0.0872,0.0568,2026-08-10
Harbour Energy,HBR,HBR.L,Oil & Gas Producers,2022,USD,5390000000.0,2545000000.0,2423000000.0,8000000.0,0.4722,0.4495,0.0015,2026-08-10
Harbour Energy,HBR,HBR.L,Oil & Gas Producers,2023,USD,3715000000.0,1339000000.0,1223000000.0,45000000.0,0.3604,0.3292,0.0121,2026-08-10
Harbour Energy,HBR,HBR.L,Oil & Gas Producers,2024,USD,6158000000.0,2545000000.0,2312000000.0,-93000000.0,0.4133,0.3754,-0.0151,2026-08-10
Harbour Energy,HBR,HBR.L,Oil & Gas Producers,2025,USD,10091000000.0,4527000000.0,4133000000.0,-182000000.0,0.4486,0.4096,-0.018,2026-08-10
Harworth Group,HWG,HWG.L,Real Estate,2022,GBP,166685000.0,83393000.0,61247000.0,27838000.0,0.5003,0.3674,0.167,2026-08-10
Harworth Group,HWG,HWG.L,Real Estate,2023,GBP,72427000.0,12350000.0,-15197000.0,37956000.0,0.1705,-0.2098,0.5241,2026-08-10
Harworth Group,HWG,HWG.L,Real Estate,2024,GBP,181585000.0,31077000.0,-3479000.0,57237000.0,0.1711,-0.0192,0.3152,2026-08-10
Harworth Group,HWG,HWG.L,Real Estate,2025,GBP,129749000.0,12552000.0,-23911000.0,9472000.0,0.0967,-0.1843,0.073,2026-08-10
Hays,HAS,HAS.L,Support Services,2022,GBP,6588900000.0,1189400000.0,216700000.0,154200000.0,0.1805,0.0329,0.0234,2026-08-10
Hays,HAS,HAS.L,Support Services,2023,GBP,7583300000.0,1294600000.0,200000000.0,138300000.0,0.1707,0.0264,0.0182,2026-08-10
Hays,HAS,HAS.L,Support Services,2024,GBP,6949100000.0,1113600000.0,69600000.0,-4900000.0,0.1603,0.01,-0.0007,2026-08-10
Helios Towers,HTWS,HTWS.L,Telecomms,2022,USD,560700000.0,194800000.0,104500000.0,-171500000.0,0.3474,0.1864,-0.3059,2026-08-10
Helios Towers,HTWS,HTWS.L,Telecomms,2023,USD,721000000.0,270600000.0,150800000.0,-100100000.0,0.3753,0.2092,-0.1388,2026-08-10
Helios Towers,HTWS,HTWS.L,Telecomms,2024,USD,792000000.0,383100000.0,254800000.0,33500000.0,0.4837,0.3217,0.0423,2026-08-10
Helios Towers,HTWS,HTWS.L,Telecomms,2025,USD,854100000.0,439900000.0,298800000.0,39200000.0,0.515,0.3498,0.0459,2026-08-10
Hikma Pharmaceuticals,HIK,HIK.L,Pharmaceuticals and Biotechnology,2022,USD,2517000000.0,1238000000.0,482000000.0,188000000.0,0.4919,0.1915,0.0747,2026-08-10
Hikma Pharmaceuticals,HIK,HIK.L,Pharmaceuticals and Biotechnology,2023,USD,2875000000.0,1390000000.0,610000000.0,190000000.0,0.4835,0.2122,0.0661,2026-08-10
Hikma Pharmaceuticals,HIK,HIK.L,Pharmaceuticals and Biotechnology,2024,USD,3127000000.0,1415000000.0,612000000.0,359000000.0,0.4525,0.1957,0.1148,2026-08-10
Hikma Pharmaceuticals,HIK,HIK.L,Pharmaceuticals and Biotechnology,2025,USD,3349000000.0,1441000000.0,633000000.0,402000000.0,0.4303,0.189,0.12,2026-08-10
Hill & Smith,HILS,HILS.L,Industrial Engineering,2022,GBP,732100000.0,270500000.0,78500000.0,56700000.0,0.3695,0.1072,0.0774,2026-08-10
Hill & Smith,HILS,HILS.L,Industrial Engineering,2023,GBP,829800000.0,316700000.0,114100000.0,68800000.0,0.3817,0.1375,0.0829,2026-08-10
Hill & Smith,HILS,HILS.L,Industrial Engineering,2024,GBP,855100000.0,341800000.0,115400000.0,76400000.0,0.3997,0.135,0.0893,2026-08-10
Hill & Smith,HILS,HILS.L,Industrial Engineering,2025,GBP,868800000.0,353500000.0,120100000.0,82500000.0,0.4069,0.1382,0.095,2026-08-10
Hilton Food Group,HFG,HFG.L,Food Producers,2022,GBP,3847600000.0,382763000.0,64687000.0,17706000.0,0.0995,0.0168,0.0046,2026-08-10
Hilton Food Group,HFG,HFG.L,Food Producers,2023,GBP,3989500000.0,430300000.0,85500000.0,36400000.0,0.1079,0.0214,0.0091,2026-08-10
Hilton Food Group,HFG,HFG.L,Food Producers,2024,GBP,3821400000.0,432700000.0,94500000.0,39300000.0,0.1132,0.0247,0.0103,2026-08-10
Hilton Food Group,HFG,HFG.L,Food Producers,2025,GBP,4214600000.0,436600000.0,54300000.0,78900000.0,0.1036,0.0129,0.0187,2026-08-10
Hochschild Mining,HOC,HOC.L,Basic Resources,2022,USD,735643000.0,208000000.0,47328000.0,2961000.0,0.2827,0.0643,0.004,2026-08-10
Hochschild Mining,HOC,HOC.L,Basic Resources,2023,USD,693716000.0,185502000.0,83751000.0,-55006000.0,0.2674,0.1207,-0.0793,2026-08-10
Hochschild Mining,HOC,HOC.L,Basic Resources,2024,USD,947696000.0,342433000.0,226595000.0,97005000.0,0.3613,0.2391,0.1024,2026-08-10
Hochschild Mining,HOC,HOC.L,Basic Resources,2025,USD,1182148000.0,504209000.0,345380000.0,201900000.0,0.4265,0.2922,0.1708,2026-08-10
Hollywood Bowl Group,BOWL,BOWL.L,Travel and leisure,2022,GBP,193741000.0,130636000.0,55410000.0,37451000.0,0.6743,0.286,0.1933,2026-08-10
Hollywood Bowl Group,BOWL,BOWL.L,Travel and leisure,2023,GBP,215082000.0,136874000.0,56541000.0,34151000.0,0.6364,0.2629,0.1588,2026-08-10
Hollywood Bowl Group,BOWL,BOWL.L,Travel and leisure,2024,GBP,230399000.0,145498000.0,60645000.0,29910000.0,0.6315,0.2632,0.1298,2026-08-10
Hollywood Bowl Group,BOWL,BOWL.L,Travel and leisure,2025,GBP,250662000.0,156968000.0,59352000.0,34609000.0,0.6262,0.2368,0.1381,2026-08-10
Hunting,HTG,HTG.L,"Oil, Gas and Coal",2022,USD,725800000.0,171400000.0,500000.0,-4600000.0,0.2362,0.0007,-0.0063,2026-08-10
Hunting,HTG,HTG.L,"Oil, Gas and Coal",2023,USD,929100000.0,227700000.0,46900000.0,110300000.0,0.2451,0.0505,0.1187,2026-08-10
Hunting,HTG,HTG.L,"Oil, Gas and Coal",2024,USD,1048900000.0,271900000.0,86300000.0,-28000000.0,0.2592,0.0823,-0.0267,2026-08-10
Hunting,HTG,HTG.L,"Oil, Gas and Coal",2025,USD,1018800000.0,279800000.0,68500000.0,41100000.0,0.2746,0.0672,0.0403,2026-08-10
IP Group,IPO,IPO.L,Financial Services,2022,GBP,-313200000.0,,,-341500000.0,,,1.0904,2026-08-10
IP Group,IPO,IPO.L,Financial Services,2023,GBP,-145700000.0,,,-171300000.0,,,1.1757,2026-08-10
IP Group,IPO,IPO.L,Financial Services,2024,GBP,-179500000.0,,,-207000000.0,,,1.1532,2026-08-10
IP Group,IPO,IPO.L,Financial Services,2025,GBP,90600000.0,,,66900000.0,,,0.7384,2026-08-10
ITV,ITV,ITV.L,Media,2022,GBP,3728000000.0,,519000000.0,428000000.0,,0.1392,0.1148,2026-08-10
ITV,ITV,ITV.L,Media,2023,GBP,3624000000.0,,238000000.0,210000000.0,,0.0657,0.0579,2026-08-10
ITV,ITV,ITV.L,Media,2024,GBP,3488000000.0,,318000000.0,408000000.0,,0.0912,0.117,2026-08-10
ITV,ITV,ITV.L,Media,2025,GBP,3511000000.0,,363000000.0,220000000.0,,0.1034,0.0627,2026-08-10
Ibstock,IBST,IBST.L,Construction & Materials,2022,GBP,512886000.0,196365000.0,100886000.0,86908000.0,0.3829,0.1967,0.1694,2026-08-10
Ibstock,IBST,IBST.L,Construction & Materials,2023,GBP,405839000.0,114956000.0,34570000.0,21060000.0,0.2833,0.0852,0.0519,2026-08-10
Ibstock,IBST,IBST.L,Construction & Materials,2024,GBP,366207000.0,104557000.0,28761000.0,15092000.0,0.2855,0.0785,0.0412,2026-08-10
Ibstock,IBST,IBST.L,Construction & Materials,2025,GBP,372104000.0,95983000.0,15794000.0,3074000.0,0.2579,0.0424,0.0083,2026-08-10
Inchcape,INCH,INCH.L,Retailers,2022,GBP,8133000000.0,1325000000.0,400000000.0,-11000000.0,0.1629,0.0492,-0.0014,2026-08-10
Inchcape,INCH,INCH.L,Retailers,2023,GBP,9382000000.0,1660000000.0,570000000.0,270000000.0,0.1769,0.0608,0.0288,2026-08-10
Inchcape,INCH,INCH.L,Retailers,2024,GBP,9263000000.0,1606000000.0,584000000.0,421000000.0,0.1734,0.063,0.0454,2026-08-10
Inchcape,INCH,INCH.L,Retailers,2025,GBP,9100000000.0,1550000000.0,563000000.0,272000000.0,0.1703,0.0619,0.0299,2026-08-10
IntegraFin Holdings,IHP,IHP.L,Financial Services,2022,GBP,133600000.0,131500000.0,26600000.0,44000000.0,0.9843,0.1991,0.3293,2026-08-10
IntegraFin Holdings,IHP,IHP.L,Financial Services,2023,GBP,134900000.0,131000000.0,68800000.0,49900000.0,0.9711,0.51,0.3699,2026-08-10
IntegraFin Holdings,IHP,IHP.L,Financial Services,2024,GBP,144900000.0,141900000.0,98900000.0,52100000.0,0.9793,0.6825,0.3596,2026-08-10
IntegraFin Holdings,IHP,IHP.L,Financial Services,2025,GBP,156800000.0,153400000.0,103900000.0,51300000.0,0.9783,0.6626,0.3272,2026-08-10
International Personal Finance,IPF,IPF.L,Financial Services,2022,GBP,577400000.0,,,56800000.0,,,0.0984,2026-08-10
International Personal Finance,IPF,IPF.L,Financial Services,2023,GBP,690900000.0,,,48000000.0,,,0.0695,2026-08-10
International Personal Finance,IPF,IPF.L,Financial Services,2024,GBP,655900000.0,,,60900000.0,,,0.0928,2026-08-10
International Personal Finance,IPF,IPF.L,Financial Services,2025,GBP,666200000.0,,,54200000.0,,,0.0814,2026-08-10
International Public Partnerships,INPP,INPP.L,Financial Services,2022,GBP,329722000.0,,,326897000.0,,,0.9914,2026-08-10
International Public Partnerships,INPP,INPP.L,Financial Services,2023,GBP,30860000.0,,,27861000.0,,,0.9028,2026-08-10
International Public Partnerships,INPP,INPP.L,Financial Services,2024,GBP,3471000.0,,,465000.0,,,0.134,2026-08-10
International Public Partnerships,INPP,INPP.L,Financial Services,2025,GBP,267760000.0,,,263704000.0,,,0.9849,2026-08-10
International Workplace Group,IWG,IWG.L,Support Services,2022,USD,3432000000.0,628000000.0,-118000000.0,-188000000.0,0.183,-0.0344,-0.0548,2026-08-10
International Workplace Group,IWG,IWG.L,Support Services,2023,USD,3764000000.0,885000000.0,77000000.0,-207000000.0,0.2351,0.0205,-0.055,2026-08-10
International Workplace Group,IWG,IWG.L,Support Services,2024,USD,3690000000.0,1104000000.0,517000000.0,20000000.0,0.2992,0.1401,0.0054,2026-08-10
International Workplace Group,IWG,IWG.L,Support Services,2025,USD,3762000000.0,1031000000.0,174000000.0,18000000.0,0.2741,0.0463,0.0048,2026-08-10
Investec,INVP,INVP.L,Financial Services,2023,GBP,1881609000.0,,,804865000.0,,,0.4278,2026-08-10
Investec,INVP,INVP.L,Financial Services,2024,GBP,1990462000.0,,,941040000.0,,,0.4728,2026-08-10
Investec,INVP,INVP.L,Financial Services,2025,GBP,2114727000.0,,,693482000.0,,,0.3279,2026-08-10
Investec,INVP,INVP.L,Financial Services,2026,GBP,2190510000.0,,,724507000.0,,,0.3307,2026-08-10
Ithaca Energy,ITH,ITH.L,Oil & Gas Producers,2022,USD,2598482000.0,1246158000.0,1138845000.0,1031532000.0,0.4796,0.4383,0.397,2026-08-10
Ithaca Energy,ITH,ITH.L,Oil & Gas Producers,2023,USD,2319811000.0,1002801000.0,884391000.0,292554000.0,0.4323,0.3812,0.1261,2026-08-10
Ithaca Energy,ITH,ITH.L,Oil & Gas Producers,2024,USD,1981800000.0,842200000.0,693700000.0,153100000.0,0.425,0.35,0.0773,2026-08-10
Ithaca Energy,ITH,ITH.L,Oil & Gas Producers,2025,USD,2946500000.0,1235600000.0,1061000000.0,-84100000.0,0.4193,0.3601,-0.0285,2026-08-10
JTC,JTC,JTC.L,Financial Services,2021,GBP,147502000.0,84817000.0,12929000.0,26648000.0,0.575,0.0877,0.1807,2026-08-10
JTC,JTC,JTC.L,Financial Services,2022,GBP,200035000.0,117296000.0,40035000.0,34714000.0,0.5864,0.2001,0.1735,2026-08-10
JTC,JTC,JTC.L,Financial Services,2023,GBP,257440000.0,149675000.0,58961000.0,21821000.0,0.5814,0.229,0.0848,2026-08-10
JTC,JTC,JTC.L,Financial Services,2024,GBP,305383000.0,174802000.0,25418000.0,-7256000.0,0.5724,0.0832,-0.0238,2026-08-10
Johnson Matthey,JMAT,JMAT.L,Chemicals,2023,GBP,14933000000.0,994000000.0,460000000.0,276000000.0,0.0666,0.0308,0.0185,2026-08-10
Johnson Matthey,JMAT,JMAT.L,Chemicals,2024,GBP,12843000000.0,927000000.0,406000000.0,108000000.0,0.0722,0.0316,0.0084,2026-08-10
Johnson Matthey,JMAT,JMAT.L,Chemicals,2025,GBP,11022000000.0,684000000.0,299000000.0,373000000.0,0.0621,0.0271,0.0338,2026-08-10
Johnson Matthey,JMAT,JMAT.L,Chemicals,2026,GBP,12573000000.0,629000000.0,340000000.0,-96000000.0,0.05,0.027,-0.0076,2026-08-10
Johnson Service Group,JSG,JSG.L,Industrial Support Services,2022,GBP,385700000.0,148300000.0,34000000.0,29000000.0,0.3845,0.0882,0.0752,2026-08-10
Johnson Service Group,JSG,JSG.L,Industrial Support Services,2023,GBP,465300000.0,179400000.0,40000000.0,27300000.0,0.3856,0.086,0.0587,2026-08-10
Johnson Service Group,JSG,JSG.L,Industrial Support Services,2024,GBP,513400000.0,,48700000.0,35600000.0,,0.0949,0.0693,2026-08-10
Johnson Service Group,JSG,JSG.L,Industrial Support Services,2025,GBP,535400000.0,,52300000.0,37100000.0,,0.0977,0.0693,2026-08-10
Jupiter Fund Management,JUP,JUP.L,Financial Services,2022,GBP,443500000.0,299000000.0,132500000.0,47900000.0,0.6742,0.2988,0.108,2026-08-10
Jupiter Fund Management,JUP,JUP.L,Financial Services,2023,GBP,405600000.0,252000000.0,83500000.0,-12900000.0,0.6213,0.2059,-0.0318,2026-08-10
Jupiter Fund Management,JUP,JUP.L,Financial Services,2024,GBP,402500000.0,244500000.0,80800000.0,65200000.0,0.6075,0.2007,0.162,2026-08-10
Jupiter Fund Management,JUP,JUP.L,Financial Services,2025,GBP,465700000.0,281800000.0,118200000.0,100400000.0,0.6051,0.2538,0.2156,2026-08-10
Kainos,KNOS,KNOS.L,Software & Computer Services,2023,GBP,374807000.0,177155000.0,52558000.0,41645000.0,0.4727,0.1402,0.1111,2026-08-10
Kainos,KNOS,KNOS.L,Software & Computer Services,2024,GBP,382393000.0,187314000.0,58903000.0,48715000.0,0.4898,0.154,0.1274,2026-08-10
Kainos,KNOS,KNOS.L,Software & Computer Services,2025,GBP,367246000.0,175909000.0,50266000.0,35560000.0,0.479,0.1369,0.0968,2026-08-10
Kainos,KNOS,KNOS.L,Software & Computer Services,2026,GBP,431098000.0,198908000.0,54617000.0,42500000.0,0.4614,0.1267,0.0986,2026-08-10
Keller Group,KLR,KLR.L,Construction & Materials,2022,GBP,2944600000.0,1890300000.0,96500000.0,46000000.0,0.642,0.0328,0.0156,2026-08-10
Keller Group,KLR,KLR.L,Construction & Materials,2023,GBP,2966000000.0,2012000000.0,170200000.0,89400000.0,0.6784,0.0574,0.0301,2026-08-10
Keller Group,KLR,KLR.L,Construction & Materials,2024,GBP,2986700000.0,2152000000.0,196000000.0,142300000.0,0.7205,0.0656,0.0476,2026-08-10
Keller Group,KLR,KLR.L,Construction & Materials,2025,GBP,3087300000.0,2231700000.0,211100000.0,142700000.0,0.7229,0.0684,0.0462,2026-08-10
Kier Group,KIE,KIE.L,Construction & Materials,2022,GBP,3143900000.0,264000000.0,18500000.0,12700000.0,0.084,0.0059,0.004,2026-08-10
Kier Group,KIE,KIE.L,Construction & Materials,2023,GBP,3380700000.0,306300000.0,66300000.0,41100000.0,0.0906,0.0196,0.0122,2026-08-10
Kier Group,KIE,KIE.L,Construction & Materials,2024,GBP,3905100000.0,335000000.0,95000000.0,42700000.0,0.0858,0.0243,0.0109,2026-08-10
Lancashire Holdings,LRE,LRE.L,Nonlife Insurance,2022,USD,783900000.0,,9300000.0,-15500000.0,,0.0119,-0.0198,2026-08-10
Lancashire Holdings,LRE,LRE.L,Nonlife Insurance,2023,USD,1395600000.0,,360000000.0,321500000.0,,0.258,0.2304,2026-08-10
Lancashire Holdings,LRE,LRE.L,Nonlife Insurance,2024,USD,1700400000.0,,363800000.0,321300000.0,,0.2139,0.189,2026-08-10
Lancashire Holdings,LRE,LRE.L,Nonlife Insurance,2025,USD,1883400000.0,,332100000.0,293400000.0,,0.1763,0.1558,2026-08-10
ME Group International,MEGP,MEGP.L,Leisure Goods,2022,GBP,259780000.0,81403000.0,49356000.0,38793000.0,0.3134,0.19,0.1493,2026-08-10
ME Group International,MEGP,MEGP.L,Leisure Goods,2023,GBP,297662000.0,103249000.0,71118000.0,50666000.0,0.3469,0.2389,0.1702,2026-08-10
ME Group International,MEGP,MEGP.L,Leisure Goods,2024,GBP,307886000.0,109492000.0,74436000.0,54090000.0,0.3556,0.2418,0.1757,2026-08-10
ME Group International,MEGP,MEGP.L,Leisure Goods,2025,GBP,315393000.0,112963000.0,77230000.0,56572000.0,0.3582,0.2449,0.1794,2026-08-10
MONY Group,MONY,MONY.L,Media,2022,GBP,387600000.0,262500000.0,89000000.0,68300000.0,0.6772,0.2296,0.1762,2026-08-10
MONY Group,MONY,MONY.L,Media,2023,GBP,432100000.0,292400000.0,97300000.0,72700000.0,0.6767,0.2252,0.1682,2026-08-10
MONY Group,MONY,MONY.L,Media,2024,GBP,439200000.0,290600000.0,113300000.0,80600000.0,0.6617,0.258,0.1835,2026-08-10
MONY Group,MONY,MONY.L,Media,2025,GBP,446300000.0,287200000.0,117400000.0,81200000.0,0.6435,0.2631,0.1819,2026-08-10
Marshalls,MSLH,MSLH.L,Construction & Materials,2022,GBP,719400000.0,448600000.0,63600000.0,26800000.0,0.6236,0.0884,0.0373,2026-08-10
Marshalls,MSLH,MSLH.L,Construction & Materials,2023,GBP,671200000.0,425400000.0,55600000.0,18600000.0,0.6338,0.0828,0.0277,2026-08-10
Marshalls,MSLH,MSLH.L,Construction & Materials,2024,GBP,619200000.0,397400000.0,52000000.0,31000000.0,0.6418,0.084,0.0501,2026-08-10
Marshalls,MSLH,MSLH.L,Construction & Materials,2025,GBP,632100000.0,392600000.0,46200000.0,14400000.0,0.6211,0.0731,0.0228,2026-08-10
Metro Bank,MTRO,MTRO.L,Banks,2022,GBP,523500000.0,,,-72700000.0,,,-0.1389,2026-08-10
Metro Bank,MTRO,MTRO.L,Banks,2023,GBP,548900000.0,,,29500000.0,,,0.0537,2026-08-10
Metro Bank,MTRO,MTRO.L,Banks,2024,GBP,405300000.0,,,42500000.0,,,0.1049,2026-08-10
Metro Bank,MTRO,MTRO.L,Banks,2025,GBP,588300000.0,,,52400000.0,,,0.0891,2026-08-10
Mitchells & Butlers,MAB,MAB.L,Travel & Leisure,2022,GBP,2205000000.0,894000000.0,239000000.0,13000000.0,0.4054,0.1084,0.0059,2026-08-10
Mitchells & Butlers,MAB,MAB.L,Travel & Leisure,2023,GBP,2503000000.0,954000000.0,225000000.0,-4000000.0,0.3811,0.0899,-0.0016,2026-08-10
Mitchells & Butlers,MAB,MAB.L,Travel & Leisure,2024,GBP,2610000000.0,996000000.0,312000000.0,149000000.0,0.3816,0.1195,0.0571,2026-08-10
Mitchells & Butlers,MAB,MAB.L,Travel & Leisure,2025,GBP,2711000000.0,1006000000.0,330000000.0,177000000.0,0.3711,0.1217,0.0653,2026-08-10
Mitie,MTO,MTO.L,Support Services,2023,GBP,3945000000.0,436500000.0,153800000.0,91100000.0,0.1106,0.039,0.0231,2026-08-10
Mitie,MTO,MTO.L,Support Services,2024,GBP,4445200000.0,499900000.0,203800000.0,126300000.0,0.1125,0.0458,0.0284,2026-08-10
Mitie,MTO,MTO.L,Support Services,2025,GBP,5082600000.0,569700000.0,204600000.0,101400000.0,0.1121,0.0403,0.02,2026-08-10
Mitie,MTO,MTO.L,Support Services,2026,GBP,5618600000.0,656300000.0,223000000.0,82600000.0,0.1168,0.0397,0.0147,2026-08-10
Moonpig,MOON,MOON.L,Retailers,2023,GBP,320125000.0,179676000.0,47142000.0,26607000.0,0.5613,0.1473,0.0831,2026-08-10
Moonpig,MOON,MOON.L,Retailers,2024,GBP,341141000.0,202533000.0,64935000.0,34169000.0,0.5937,0.1903,0.1002,2026-08-10
Moonpig,MOON,MOON.L,Retailers,2025,GBP,350068000.0,208571000.0,68645000.0,-11080000.0,0.5958,0.1961,-0.0317,2026-08-10
Moonpig,MOON,MOON.L,Retailers,2026,GBP,372973000.0,217990000.0,78220000.0,51718000.0,0.5845,0.2097,0.1387,2026-08-10
Morgan Advanced Materials,MGAM,MGAM.L,Electronic & Electrical Equipment,2022,GBP,1112100000.0,808000000.0,144300000.0,88000000.0,0.7266,0.1298,0.0791,2026-08-10
Morgan Advanced Materials,MGAM,MGAM.L,Electronic & Electrical Equipment,2023,GBP,1114700000.0,812000000.0,119300000.0,47300000.0,0.7284,0.107,0.0424,2026-08-10
Morgan Advanced Materials,MGAM,MGAM.L,Electronic & Electrical Equipment,2024,GBP,1060100000.0,784600000.0,118800000.0,50300000.0,0.7401,0.1121,0.0474,2026-08-10
Morgan Advanced Materials,MGAM,MGAM.L,Electronic & Electrical Equipment,2025,GBP,996600000.0,700600000.0,93400000.0,21100000.0,0.703,0.0937,0.0212,2026-08-10
Morgan Sindall Group,MGNS,MGNS.L,Construction & Materials,2022,GBP,3612200000.0,370900000.0,83800000.0,60900000.0,0.1027,0.0232,0.0169,2026-08-10
Morgan Sindall Group,MGNS,MGNS.L,Construction & Materials,2023,GBP,4117700000.0,447600000.0,125200000.0,117700000.0,0.1087,0.0304,0.0286,2026-08-10
Morgan Sindall Group,MGNS,MGNS.L,Construction & Materials,2024,GBP,4546200000.0,529900000.0,179800000.0,131700000.0,0.1166,0.0395,0.029,2026-08-10
Morgan Sindall Group,MGNS,MGNS.L,Construction & Materials,2025,GBP,5018600000.0,612000000.0,226200000.0,174900000.0,0.1219,0.0451,0.0349,2026-08-10
NCC Group,NCC,NCC.L,Software and Computer Services,2022,GBP,314800000.0,132600000.0,35500000.0,23000000.0,0.4212,0.1128,0.0731,2026-08-10
NCC Group,NCC,NCC.L,Software and Computer Services,2023,GBP,335100000.0,132000000.0,16600000.0,-4600000.0,0.3939,0.0495,-0.0137,2026-08-10
NCC Group,NCC,NCC.L,Software and Computer Services,2025,GBP,238900000.0,88400000.0,-8000000.0,17100000.0,0.37,-0.0335,0.0716,2026-08-10
Ninety One,N91,N91.L,Financial Services,2023,GBP,745500000.0,627100000.0,198400000.0,163800000.0,0.8412,0.2661,0.2197,2026-08-10
Ninety One,N91,N91.L,Financial Services,2024,GBP,697800000.0,588500000.0,189300000.0,163900000.0,0.8434,0.2713,0.2349,2026-08-10
Ninety One,N91,N91.L,Financial Services,2025,GBP,700000000.0,594600000.0,175600000.0,150100000.0,0.8494,0.2509,0.2144,2026-08-10
Ninety One,N91,N91.L,Financial Services,2026,GBP,763300000.0,650200000.0,181700000.0,153500000.0,0.8518,0.238,0.2011,2026-08-10
OSB Group,OSB,OSB.L,Banks,2022,GBP,765200000.0,,,410000000.0,,,0.5358,2026-08-10
OSB Group,OSB,OSB.L,Banks,2023,GBP,651700000.0,,,282600000.0,,,0.4336,2026-08-10
OSB Group,OSB,OSB.L,Banks,2024,GBP,664900000.0,,,308100000.0,,,0.4634,2026-08-10
OSB Group,OSB,OSB.L,Banks,2025,GBP,668000000.0,,,285700000.0,,,0.4277,2026-08-10
Ocado Group,OCDO,OCDO.L,Food & drug retailers,2022,GBP,2516800000.0,964300000.0,-525000000.0,-455500000.0,0.3831,-0.2086,-0.181,2026-08-10
Ocado Group,OCDO,OCDO.L,Food & drug retailers,2023,GBP,1122100000.0,,-401800000.0,-314000000.0,,-0.3581,-0.2798,2026-08-10
Ocado Group,OCDO,OCDO.L,Food & drug retailers,2024,GBP,1214600000.0,,-302100000.0,-336200000.0,,-0.2487,-0.2768,2026-08-10
Ocado Group,OCDO,OCDO.L,Food & drug retailers,2025,GBP,1381700000.0,,-213200000.0,405200000.0,,-0.1543,0.2933,2026-08-10
Oxford Biomedica,OXB,OXB.L,Pharmaceuticals and Biotechnology,2022,GBP,139989000.0,69181000.0,-51558000.0,-39157000.0,0.4942,-0.3683,-0.2797,2026-08-10
Oxford Biomedica,OXB,OXB.L,Pharmaceuticals and Biotechnology,2023,GBP,89539000.0,39727000.0,-88109000.0,-157490000.0,0.4437,-0.984,-1.7589,2026-08-10
Oxford Biomedica,OXB,OXB.L,Pharmaceuticals and Biotechnology,2024,GBP,128797000.0,53021000.0,-43502000.0,-43190000.0,0.4117,-0.3378,-0.3353,2026-08-10
Oxford Biomedica,OXB,OXB.L,Pharmaceuticals and Biotechnology,2025,GBP,168741000.0,65980000.0,-32959000.0,-30128000.0,0.391,-0.1953,-0.1785,2026-08-10
Oxford Instruments,OXIG,OXIG.L,Electronic & Electrical Equipment,2023,GBP,444700000.0,230200000.0,65900000.0,58600000.0,0.5177,0.1482,0.1318,2026-08-10
Oxford Instruments,OXIG,OXIG.L,Electronic & Electrical Equipment,2024,GBP,470400000.0,242400000.0,60600000.0,50700000.0,0.5153,0.1288,0.1078,2026-08-10
Oxford Instruments,OXIG,OXIG.L,Electronic & Electrical Equipment,2025,GBP,443400000.0,244300000.0,69500000.0,26000000.0,0.551,0.1567,0.0586,2026-08-10
Oxford Instruments,OXIG,OXIG.L,Electronic & Electrical Equipment,2026,GBP,423200000.0,236000000.0,62800000.0,48200000.0,0.5577,0.1484,0.1139,2026-08-10
Oxford Nanopore Technologies,ONT,ONT.L,Health Care,2022,GBP,198603000.0,123810000.0,-98479000.0,-91025000.0,0.6234,-0.4959,-0.4583,2026-08-10
Oxford Nanopore Technologies,ONT,ONT.L,Health Care,2023,GBP,169668000.0,90481000.0,-168609000.0,-154507000.0,0.5333,-0.9938,-0.9106,2026-08-10
Oxford Nanopore Technologies,ONT,ONT.L,Health Care,2024,GBP,183200000.0,105400000.0,-152300000.0,-146200000.0,0.5753,-0.8313,-0.798,2026-08-10
Oxford Nanopore Technologies,ONT,ONT.L,Health Care,2025,GBP,223900000.0,131300000.0,-155300000.0,-145200000.0,0.5864,-0.6936,-0.6485,2026-08-10
PPHE Hotel Group,PPH,PPH.L,Travel and Leisure,2022,GBP,330091000.0,175789000.0,54577000.0,10159000.0,0.5325,0.1653,0.0308,2026-08-10
PPHE Hotel Group,PPH,PPH.L,Travel and Leisure,2023,GBP,414598000.0,230718000.0,83108000.0,22415000.0,0.5565,0.2005,0.0541,2026-08-10
PPHE Hotel Group,PPH,PPH.L,Travel and Leisure,2024,GBP,442787000.0,242694000.0,89380000.0,28206000.0,0.5481,0.2019,0.0637,2026-08-10
PPHE Hotel Group,PPH,PPH.L,Travel and Leisure,2025,GBP,466403000.0,250395000.0,65884000.0,13185000.0,0.5369,0.1413,0.0283,2026-08-10
PageGroup,PAGE,PAGE.L,Support Services,2022,GBP,1990287000.0,1076294000.0,196079000.0,139012000.0,0.5408,0.0985,0.0698,2026-08-10
PageGroup,PAGE,PAGE.L,Support Services,2023,GBP,2010303000.0,1007132000.0,118815000.0,77068000.0,0.501,0.0591,0.0383,2026-08-10
PageGroup,PAGE,PAGE.L,Support Services,2024,GBP,1738937000.0,842586000.0,52449000.0,28443000.0,0.4845,0.0302,0.0164,2026-08-10
PageGroup,PAGE,PAGE.L,Support Services,2025,GBP,1596577000.0,769516000.0,20865000.0,9017000.0,0.482,0.0131,0.0056,2026-08-10
Pan African Resources,PAF,PAF.L,Precious Metals and Mining,2022,USD,376371000.0,123498000.0,104763000.0,75137000.0,0.3281,0.2784,0.1996,2026-08-10
Pan African Resources,PAF,PAF.L,Precious Metals and Mining,2023,USD,319892000.0,100605000.0,86766000.0,60918000.0,0.3145,0.2712,0.1904,2026-08-10
Pan African Resources,PAF,PAF.L,Precious Metals and Mining,2024,USD,373796000.0,131369000.0,114559000.0,79378000.0,0.3514,0.3065,0.2124,2026-08-10
Pan African Resources,PAF,PAF.L,Precious Metals and Mining,2025,USD,540033000.0,225846000.0,192031000.0,141597000.0,0.4182,0.3556,0.2622,2026-08-10
Paragon Banking Group,PAG,PAG.L,Financial Services,2022,GBP,604900000.0,,,313600000.0,,,0.5184,2026-08-10
Paragon Banking Group,PAG,PAG.L,Financial Services,2023,GBP,410100000.0,,,153900000.0,,,0.3753,2026-08-10
Paragon Banking Group,PAG,PAG.L,Financial Services,2024,GBP,481700000.0,,,186000000.0,,,0.3861,2026-08-10
Paragon Banking Group,PAG,PAG.L,Financial Services,2025,GBP,528800000.0,,,180300000.0,,,0.341,2026-08-10
Pennon Group,PNN,PNN.L,"Gas, Water & Multiutilities",2023,GBP,797200000.0,763600000.0,133100000.0,100000.0,0.9579,0.167,0.0001,2026-08-10
Pennon Group,PNN,PNN.L,"Gas, Water & Multiutilities",2024,GBP,907800000.0,870400000.0,172700000.0,-9500000.0,0.9588,0.1902,-0.0105,2026-08-10
Pennon Group,PNN,PNN.L,"Gas, Water & Multiutilities",2025,GBP,1047800000.0,995900000.0,146400000.0,-57900000.0,0.9505,0.1397,-0.0553,2026-08-10
Pennon Group,PNN,PNN.L,"Gas, Water & Multiutilities",2026,GBP,1291400000.0,1251400000.0,345700000.0,91500000.0,0.969,0.2677,0.0709,2026-08-10
Pets at Home,PETS,PETS.L,Retailers,2023,GBP,1404200000.0,674600000.0,136800000.0,100700000.0,0.4804,0.0974,0.0717,2026-08-10
Pets at Home,PETS,PETS.L,Retailers,2024,GBP,1480200000.0,691300000.0,132800000.0,79200000.0,0.467,0.0897,0.0535,2026-08-10
Pets at Home,PETS,PETS.L,Retailers,2025,GBP,1481700000.0,694700000.0,134200000.0,88200000.0,0.4689,0.0906,0.0595,2026-08-10
Pets at Home,PETS,PETS.L,Retailers,2026,GBP,1469600000.0,672000000.0,92400000.0,62500000.0,0.4573,0.0629,0.0425,2026-08-10
Playtech,PTEC,PTEC.L,Software & Computer Services,2022,EUR,1601800000.0,,205300000.0,87600000.0,,0.1282,0.0547,2026-08-10
Playtech,PTEC,PTEC.L,Software & Computer Services,2023,EUR,771900000.0,,84500000.0,156800000.0,,0.1095,0.2031,2026-08-10
Playtech,PTEC,PTEC.L,Software & Computer Services,2024,EUR,848000000.0,,31500000.0,-23900000.0,,0.0371,-0.0282,2026-08-10
Playtech,PTEC,PTEC.L,Software & Computer Services,2025,EUR,763600000.0,,-90500000.0,1484200000.0,,-0.1185,1.9437,2026-08-10
Plus500,PLUS,PLUS.L,Financial Services,2022,USD,832600000.0,,450400000.0,370400000.0,,0.541,0.4449,2026-08-10
Plus500,PLUS,PLUS.L,Financial Services,2023,USD,674300000.0,,284500000.0,271400000.0,,0.4219,0.4025,2026-08-10
Plus500,PLUS,PLUS.L,Financial Services,2024,USD,711600000.0,,279400000.0,273100000.0,,0.3926,0.3838,2026-08-10
Plus500,PLUS,PLUS.L,Financial Services,2025,USD,729600000.0,,279800000.0,281300000.0,,0.3835,0.3856,2026-08-10
Pollen Street Group,POLN,POLN.L,Financial Services,2022,GBP,50971000.0,,,26361000.0,,,0.5172,2026-08-10
Pollen Street Group,POLN,POLN.L,Financial Services,2023,GBP,84991000.0,,,39940000.0,,,0.4699,2026-08-10
Pollen Street Group,POLN,POLN.L,Financial Services,2024,GBP,102091000.0,,,49598000.0,,,0.4858,2026-08-10
Pollen Street Group,POLN,POLN.L,Financial Services,2025,GBP,118523000.0,,,56566000.0,,,0.4773,2026-08-10
Premier Foods,PFD,PFD.L,Food & Drug Retailers,2023,GBP,1006400000.0,358200000.0,132200000.0,91600000.0,0.3559,0.1314,0.091,2026-08-10
Premier Foods,PFD,PFD.L,Food & Drug Retailers,2024,GBP,1137500000.0,432300000.0,177700000.0,112500000.0,0.38,0.1562,0.0989,2026-08-10
Premier Foods,PFD,PFD.L,Food & Drug Retailers,2025,GBP,1149000000.0,439300000.0,181100000.0,124900000.0,0.3823,0.1576,0.1087,2026-08-10
Premier Foods,PFD,PFD.L,Food & Drug Retailers,2026,GBP,1175500000.0,454900000.0,200800000.0,136600000.0,0.387,0.1708,0.1162,2026-08-10
Princes Group,PRN,PRN.L,Food and drink,2023,,1744803000.0,287872000.0,-32967000.0,-42691000.0,0.165,-0.0189,-0.0245,2026-08-10
Princes Group,PRN,PRN.L,Food and drink,2024,,2053540000.0,338382000.0,17314000.0,9267000.0,0.1648,0.0084,0.0045,2026-08-10
Princes Group,PRN,PRN.L,Food and drink,2024,,1708828000.0,310173000.0,37926000.0,4007000.0,0.1815,0.0222,0.0023,2026-08-10
Princes Group,PRN,PRN.L,Food and drink,2025,,1871531000.0,380603000.0,74215000.0,35706000.0,0.2034,0.0397,0.0191,2026-08-10
Qinetiq,QQ,QQ.L,Aerospace & Defence,2023,GBP,1580700000.0,,152700000.0,154400000.0,,0.0966,0.0977,2026-08-10
Qinetiq,QQ,QQ.L,Aerospace & Defence,2024,GBP,1912100000.0,,177100000.0,139600000.0,,0.0926,0.073,2026-08-10
Qinetiq,QQ,QQ.L,Aerospace & Defence,2025,GBP,1931600000.0,,152000000.0,-185700000.0,,0.0787,-0.0961,2026-08-10
Qinetiq,QQ,QQ.L,Aerospace & Defence,2026,GBP,1922600000.0,,194000000.0,107500000.0,,0.1009,0.0559,2026-08-10
Quilter,QLT,QLT.L,Financial Services,2022,GBP,-4069000000.0,-4294000000.0,56000000.0,175000000.0,1.0553,-0.0138,-0.043,2026-08-10
Quilter,QLT,QLT.L,Financial Services,2023,GBP,4616000000.0,4393000000.0,101000000.0,42000000.0,0.9517,0.0219,0.0091,2026-08-10
Quilter,QLT,QLT.L,Financial Services,2024,GBP,5420000000.0,5193000000.0,28000000.0,-34000000.0,0.9581,0.0052,-0.0063,2026-08-10
Quilter,QLT,QLT.L,Financial Services,2025,GBP,9339000000.0,9097000000.0,319000000.0,120000000.0,0.9741,0.0342,0.0128,2026-08-10
RHI Magnesita,RHIM,RHIM.L,Support Services,2022,EUR,3317200000.0,763400000.0,344800000.0,155700000.0,0.2301,0.1039,0.0469,2026-08-10
RHI Magnesita,RHIM,RHIM.L,Support Services,2023,EUR,3572000000.0,857000000.0,349000000.0,165000000.0,0.2399,0.0977,0.0462,2026-08-10
RHI Magnesita,RHIM,RHIM.L,Support Services,2024,EUR,3487000000.0,859000000.0,292000000.0,142000000.0,0.2463,0.0837,0.0407,2026-08-10
RHI Magnesita,RHIM,RHIM.L,Support Services,2025,EUR,3366000000.0,772000000.0,248000000.0,86000000.0,0.2294,0.0737,0.0255,2026-08-10
RS Group,RS1,RS1.L,Industrials,2023,GBP,2982300000.0,1352200000.0,402300000.0,284800000.0,0.4534,0.1349,0.0955,2026-08-10
RS Group,RS1,RS1.L,Industrials,2024,GBP,2942400000.0,1258300000.0,283700000.0,179400000.0,0.4276,0.0964,0.061,2026-08-10
RS Group,RS1,RS1.L,Industrials,2025,GBP,2903500000.0,1243200000.0,260100000.0,152600000.0,0.4282,0.0896,0.0526,2026-08-10
RS Group,RS1,RS1.L,Industrials,2026,GBP,2881100000.0,1250300000.0,246700000.0,161900000.0,0.434,0.0856,0.0562,2026-08-10
Rank Group,RNK,RNK.L,Travel and Leisure,2022,GBP,644000000.0,231700000.0,80800000.0,64900000.0,0.3598,0.1255,0.1008,2026-08-10
Rank Group,RNK,RNK.L,Travel and Leisure,2023,GBP,681900000.0,160600000.0,-110400000.0,-96200000.0,0.2355,-0.1619,-0.1411,2026-08-10
Rank Group,RNK,RNK.L,Travel and Leisure,2024,GBP,734700000.0,308900000.0,38700000.0,12500000.0,0.4204,0.0527,0.017,2026-08-10
Rank Group,RNK,RNK.L,Travel and Leisure,2025,GBP,795400000.0,343300000.0,64600000.0,44600000.0,0.4316,0.0812,0.0561,2026-08-10
Raspberry Pi Holdings,RPI,RPI.L,Technology,2022,USD,187859000.0,42280000.0,19235000.0,17067000.0,0.2251,0.1024,0.0909,2026-08-10
Raspberry Pi Holdings,RPI,RPI.L,Technology,2023,USD,265800000.0,66000000.0,37600000.0,31600000.0,0.2483,0.1415,0.1189,2026-08-10
Raspberry Pi Holdings,RPI,RPI.L,Technology,2024,USD,259500000.0,63200000.0,20500000.0,11700000.0,0.2435,0.079,0.0451,2026-08-10
Raspberry Pi Holdings,RPI,RPI.L,Technology,2025,USD,323200000.0,77800000.0,27700000.0,21700000.0,0.2407,0.0857,0.0671,2026-08-10
Rathbones,RAT,RAT.L,Financial Services,2022,GBP,455900000.0,,,49000000.0,,,0.1075,2026-08-10
Rathbones,RAT,RAT.L,Financial Services,2023,GBP,571100000.0,,,37500000.0,,,0.0657,2026-08-10
Rathbones,RAT,RAT.L,Financial Services,2024,GBP,895900000.0,,,65500000.0,,,0.0731,2026-08-10
Rathbones,RAT,RAT.L,Financial Services,2025,GBP,923300000.0,,,112300000.0,,,0.1216,2026-08-10
Renishaw,RSW,RSW.L,Electronic & Electrical Equipment,2022,GBP,671076000.0,357549000.0,153663000.0,120351000.0,0.5328,0.229,0.1793,2026-08-10
Renishaw,RSW,RSW.L,Electronic & Electrical Equipment,2023,GBP,688573000.0,350665000.0,135888000.0,116102000.0,0.5093,0.1973,0.1686,2026-08-10
Renishaw,RSW,RSW.L,Electronic & Electrical Equipment,2024,GBP,691301000.0,323643000.0,108667000.0,96889000.0,0.4682,0.1572,0.1402,2026-08-10
Renishaw,RSW,RSW.L,Electronic & Electrical Equipment,2025,GBP,713044000.0,329015000.0,107885000.0,83757000.0,0.4614,0.1513,0.1175,2026-08-10
Rotork,ROR,ROR.L,Industrial Engineering,2022,GBP,641812000.0,291733000.0,122359000.0,93243000.0,0.4545,0.1906,0.1453,2026-08-10
Rotork,ROR,ROR.L,Industrial Engineering,2023,GBP,719150000.0,339096000.0,148152000.0,113135000.0,0.4715,0.206,0.1573,2026-08-10
Rotork,ROR,ROR.L,Industrial Engineering,2024,GBP,754400000.0,371900000.0,134300000.0,103600000.0,0.493,0.178,0.1373,2026-08-10
Rotork,ROR,ROR.L,Industrial Engineering,2025,GBP,777300000.0,388800000.0,153400000.0,115400000.0,0.5002,0.1973,0.1485,2026-08-10
SSP Group,SSPG,SSPG.L,Retailers,2022,GBP,2185400000.0,983800000.0,15100000.0,-10200000.0,0.4502,0.0069,-0.0047,2026-08-10
SSP Group,SSPG,SSPG.L,Retailers,2023,GBP,3009700000.0,1383200000.0,199600000.0,8100000.0,0.4596,0.0663,0.0027,2026-08-10
SSP Group,SSPG,SSPG.L,Retailers,2024,GBP,3433200000.0,1617700000.0,244300000.0,27400000.0,0.4712,0.0712,0.008,2026-08-10
SSP Group,SSPG,SSPG.L,Retailers,2025,GBP,3638500000.0,1706900000.0,267800000.0,-74400000.0,0.4691,0.0736,-0.0204,2026-08-10
Saga,SAGA,SAGA.L,Travel and Leisure,2023,GBP,663700000.0,415200000.0,20700000.0,-273100000.0,0.6256,0.0312,-0.4115,2026-08-10
Saga,SAGA,SAGA.L,Travel and Leisure,2024,GBP,564600000.0,262600000.0,41700000.0,-113000000.0,0.4651,0.0739,-0.2001,2026-08-10
Saga,SAGA,SAGA.L,Travel and Leisure,2025,GBP,588300000.0,279500000.0,64000000.0,-164900000.0,0.4751,0.1088,-0.2803,2026-08-10
Saga,SAGA,SAGA.L,Travel and Leisure,2026,GBP,660000000.0,318900000.0,100500000.0,3600000.0,0.4832,0.1523,0.0055,2026-08-10
Savills,SVS,SVS.L,Real Estate Investment & Services,2022,GBP,2298300000.0,,146100000.0,119400000.0,,0.0636,0.052,2026-08-10
Savills,SVS,SVS.L,Real Estate Investment & Services,2023,GBP,2238000000.0,,37000000.0,40800000.0,,0.0165,0.0182,2026-08-10
Savills,SVS,SVS.L,Real Estate Investment & Services,2024,GBP,2404000000.0,,68200000.0,53600000.0,,0.0284,0.0223,2026-08-10
Savills,SVS,SVS.L,Real Estate Investment & Services,2025,GBP,2550900000.0,,89900000.0,70900000.0,,0.0352,0.0278,2026-08-10
Senior,SNR,SNR.L,Aerospace & Defence,2022,GBP,848400000.0,149700000.0,32000000.0,20200000.0,0.1764,0.0377,0.0238,2026-08-10
Senior,SNR,SNR.L,Aerospace & Defence,2023,GBP,963500000.0,174000000.0,36700000.0,31100000.0,0.1806,0.0381,0.0323,2026-08-10
Senior,SNR,SNR.L,Aerospace & Defence,2024,GBP,707400000.0,155700000.0,45500000.0,25900000.0,0.2201,0.0643,0.0366,2026-08-10
Senior,SNR,SNR.L,Aerospace & Defence,2025,GBP,738200000.0,169000000.0,44100000.0,-4200000.0,0.2289,0.0597,-0.0057,2026-08-10
Serco,SRP,SRP.L,Support Services,2022,GBP,4534000000.0,493500000.0,207600000.0,155400000.0,0.1088,0.0458,0.0343,2026-08-10
Serco,SRP,SRP.L,Support Services,2023,GBP,4873800000.0,495500000.0,188800000.0,202400000.0,0.1017,0.0387,0.0415,2026-08-10
Serco,SRP,SRP.L,Support Services,2024,GBP,4787300000.0,518600000.0,223800000.0,44200000.0,0.1083,0.0467,0.0092,2026-08-10
Serco,SRP,SRP.L,Support Services,2025,GBP,4876800000.0,512800000.0,213900000.0,145600000.0,0.1052,0.0439,0.0299,2026-08-10
Shawbrook Bank,SHAW,SHAW.L,Banking,2023,GBP,594700000.0,,,212100000.0,,,0.3567,2026-08-10
Shawbrook Bank,SHAW,SHAW.L,Banking,2024,GBP,617200000.0,,,219900000.0,,,0.3563,2026-08-10
Shawbrook Bank,SHAW,SHAW.L,Banking,2025,GBP,688300000.0,,,195500000.0,,,0.284,2026-08-10
Sirius Real Estate,SRE,SRE.L,Real Estate,2023,EUR,270100000.0,153400000.0,105000000.0,79600000.0,0.5679,0.3887,0.2947,2026-08-10
Sirius Real Estate,SRE,SRE.L,Real Estate,2024,EUR,288800000.0,165800000.0,114500000.0,107800000.0,0.5741,0.3965,0.3733,2026-08-10
Sirius Real Estate,SRE,SRE.L,Real Estate,2025,EUR,317500000.0,186700000.0,128400000.0,178100000.0,0.588,0.4044,0.5609,2026-08-10
Sirius Real Estate,SRE,SRE.L,Real Estate,2026,EUR,347500000.0,201400000.0,139300000.0,229600000.0,0.5796,0.4009,0.6607,2026-08-10
Softcat,SCT,SCT.L,Software & Computer Services,2022,GBP,1077946000.0,327210000.0,136145000.0,110405000.0,0.3035,0.1263,0.1024,2026-08-10
Softcat,SCT,SCT.L,Software & Computer Services,2023,GBP,985300000.0,373834000.0,140898000.0,112029000.0,0.3794,0.143,0.1137,2026-08-10
Softcat,SCT,SCT.L,Software & Computer Services,2024,GBP,962633000.0,417753000.0,154064000.0,119044000.0,0.434,0.16,0.1237,2026-08-10
Spire Healthcare,SPI,SPI.L,Health Care Equipment & Services,2022,GBP,1198500000.0,538400000.0,92400000.0,8600000.0,0.4492,0.0771,0.0072,2026-08-10
Spire Healthcare,SPI,SPI.L,Health Care Equipment & Services,2023,GBP,1359000000.0,624200000.0,126800000.0,27300000.0,0.4593,0.0933,0.0201,2026-08-10
Spire Healthcare,SPI,SPI.L,Health Care Equipment & Services,2024,GBP,1511200000.0,683600000.0,124900000.0,25400000.0,0.4524,0.0826,0.0168,2026-08-10
Spire Healthcare,SPI,SPI.L,Health Care Equipment & Services,2025,GBP,1579800000.0,716100000.0,119200000.0,16400000.0,0.4533,0.0755,0.0104,2026-08-10
Syncona,SYNC,SYNC.L,Pharmaceuticals & Biotechnology,2023,USD,-23978000.0,,,-56018000.0,,,2.3362,2026-08-10
Syncona,SYNC,SYNC.L,Pharmaceuticals & Biotechnology,2024,USD,63745000.0,,,3788000.0,,,0.0594,2026-08-10
Syncona,SYNC,SYNC.L,Pharmaceuticals & Biotechnology,2025,USD,-68312000.0,,,-143160000.0,,,2.0957,2026-08-10
Syncona,SYNC,SYNC.L,Pharmaceuticals & Biotechnology,2026,USD,55891000.0,,,-8805000.0,,,-0.1575,2026-08-10
TBC Bank,TBCG,TBCG.L,Banks,2022,GEL,2134095000.0,,,995206000.0,,,0.4663,2026-08-10
TBC Bank,TBCG,TBCG.L,Banks,2023,GEL,2452241000.0,,,1124180000.0,,,0.4584,2026-08-10
TBC Bank,TBCG,TBCG.L,Banks,2024,GEL,2924090000.0,,,1284051000.0,,,0.4391,2026-08-10
TBC Bank,TBCG,TBCG.L,Banks,2025,GEL,3496175000.0,,,1397337000.0,,,0.3997,2026-08-10
THG,THG,THG.L,Personal Products,2022,GBP,2239229000.0,879975000.0,-495565000.0,-539957000.0,0.393,-0.2213,-0.2411,2026-08-10
THG,THG,THG.L,Personal Products,2023,GBP,1879866000.0,797373000.0,-39232000.0,-248372000.0,0.4242,-0.0209,-0.1321,2026-08-10
THG,THG,THG.L,Personal Products,2024,GBP,1751404000.0,693595000.0,-147895000.0,-326140000.0,0.396,-0.0844,-0.1862,2026-08-10
THG,THG,THG.L,Personal Products,2025,GBP,1717877000.0,687998000.0,-52403000.0,54125000.0,0.4005,-0.0305,0.0315,2026-08-10
TP ICAP,TCAP,TCAP.L,Support Services,2022,GBP,2115000000.0,717000000.0,183000000.0,103000000.0,0.339,0.0865,0.0487,2026-08-10
TP ICAP,TCAP,TCAP.L,Support Services,2023,GBP,2191000000.0,762000000.0,243000000.0,74000000.0,0.3478,0.1109,0.0338,2026-08-10
TP ICAP,TCAP,TCAP.L,Support Services,2024,GBP,2253000000.0,793000000.0,254000000.0,167000000.0,0.352,0.1127,0.0741,2026-08-10
TP ICAP,TCAP,TCAP.L,Support Services,2025,GBP,2353000000.0,840000000.0,272000000.0,186000000.0,0.357,0.1156,0.079,2026-08-10
Tate & Lyle,TATE,TATE.L,Food Producers,2023,GBP,1751000000.0,733000000.0,228000000.0,190000000.0,0.4186,0.1302,0.1085,2026-08-10
Tate & Lyle,TATE,TATE.L,Food Producers,2024,GBP,1647000000.0,708000000.0,235000000.0,188000000.0,0.4299,0.1427,0.1141,2026-08-10
Tate & Lyle,TATE,TATE.L,Food Producers,2025,GBP,1736000000.0,706000000.0,106000000.0,143000000.0,0.4067,0.0611,0.0824,2026-08-10
Tate & Lyle,TATE,TATE.L,Food Producers,2026,GBP,2006000000.0,622000000.0,244000000.0,97000000.0,0.3101,0.1216,0.0484,2026-08-10
Taylor Wimpey,TW,TW.L,Household goods & home construction,2022,GBP,4419900000.0,1132400000.0,827500000.0,643600000.0,0.2562,0.1872,0.1456,2026-08-10
Taylor Wimpey,TW,TW.L,Household goods & home construction,2023,GBP,3514500000.0,716500000.0,467800000.0,349000000.0,0.2039,0.1331,0.0993,2026-08-10
Taylor Wimpey,TW,TW.L,Household goods & home construction,2024,GBP,3401200000.0,648700000.0,416400000.0,219600000.0,0.1907,0.1224,0.0646,2026-08-10
Taylor Wimpey,TW,TW.L,Household goods & home construction,2025,GBP,3844600000.0,658400000.0,418500000.0,100400000.0,0.1713,0.1089,0.0261,2026-08-10
Telecom Plus,TEP,TEP.L,Telecomms,2023,GBP,2475160000.0,306196000.0,114569000.0,68426000.0,0.1237,0.0463,0.0276,2026-08-10
Telecom Plus,TEP,TEP.L,Telecomms,2024,GBP,2039131000.0,355210000.0,136962000.0,71037000.0,0.1742,0.0672,0.0348,2026-08-10
Telecom Plus,TEP,TEP.L,Telecomms,2025,GBP,1838156000.0,358068000.0,154997000.0,76097000.0,0.1948,0.0843,0.0414,2026-08-10
Telecom Plus,TEP,TEP.L,Telecomms,2026,GBP,1941057000.0,389164000.0,167310000.0,80670000.0,0.2005,0.0862,0.0416,2026-08-10
Trainline,TRN,TRN.L,Industrial Transportation,2023,GBP,327147000.0,252224000.0,27639000.0,21217000.0,0.771,0.0845,0.0649,2026-08-10
Trainline,TRN,TRN.L,Industrial Transportation,2024,GBP,396718000.0,305285000.0,55579000.0,33986000.0,0.7695,0.1401,0.0857,2026-08-10
Trainline,TRN,TRN.L,Industrial Transportation,2025,GBP,442095000.0,352313000.0,85578000.0,58348000.0,0.7969,0.1936,0.132,2026-08-10
Trainline,TRN,TRN.L,Industrial Transportation,2026,GBP,452684000.0,373874000.0,122427000.0,79813000.0,0.8259,0.2704,0.1763,2026-08-10
Travis Perkins,TPK,TPK.L,Support Services,2022,GBP,4994800000.0,1384700000.0,254800000.0,192200000.0,0.2772,0.051,0.0385,2026-08-10
Travis Perkins,TPK,TPK.L,Support Services,2023,GBP,4837100000.0,1298800000.0,180200000.0,38100000.0,0.2685,0.0373,0.0079,2026-08-10
Travis Perkins,TPK,TPK.L,Support Services,2024,GBP,4607400000.0,1203700000.0,146800000.0,-77400000.0,0.2613,0.0319,-0.0168,2026-08-10
Travis Perkins,TPK,TPK.L,Support Services,2025,GBP,4564600000.0,1192600000.0,132100000.0,-176300000.0,0.2613,0.0289,-0.0386,2026-08-10
Trustpilot,TRST,TRST.L,Technology,2022,USD,148932000.0,121995000.0,-14795000.0,-14644000.0,0.8191,-0.0993,-0.0983,2026-08-10
Trustpilot,TRST,TRST.L,Technology,2023,USD,176362000.0,145448000.0,1068000.0,7109000.0,0.8247,0.0061,0.0403,2026-08-10
Trustpilot,TRST,TRST.L,Technology,2024,USD,210751000.0,171633000.0,6480000.0,6234000.0,0.8144,0.0307,0.0296,2026-08-10
Trustpilot,TRST,TRST.L,Technology,2025,USD,261050000.0,215868000.0,18119000.0,7758000.0,0.8269,0.0694,0.0297,2026-08-10
Vesuvius,VSVS,VSVS.L,General Industrials,2022,GBP,2047400000.0,571500000.0,216800000.0,181100000.0,0.2791,0.1059,0.0885,2026-08-10
Vesuvius,VSVS,VSVS.L,General Industrials,2023,GBP,1929800000.0,537900000.0,190100000.0,118500000.0,0.2787,0.0985,0.0614,2026-08-10
Vesuvius,VSVS,VSVS.L,General Industrials,2024,GBP,1820100000.0,503700000.0,168300000.0,87200000.0,0.2767,0.0925,0.0479,2026-08-10
Vesuvius,VSVS,VSVS.L,General Industrials,2025,GBP,1809500000.0,460700000.0,140500000.0,52200000.0,0.2546,0.0776,0.0288,2026-08-10
Victrex,VCT,VCT.L,Chemicals,2022,GBP,341000000.0,174500000.0,88500000.0,76200000.0,0.5117,0.2595,0.2235,2026-08-10
Victrex,VCT,VCT.L,Chemicals,2023,GBP,307000000.0,162600000.0,73200000.0,61700000.0,0.5296,0.2384,0.201,2026-08-10
Victrex,VCT,VCT.L,Chemicals,2024,GBP,296200000.0,134300000.0,45800000.0,17200000.0,0.4534,0.1546,0.0581,2026-08-10
Victrex,VCT,VCT.L,Chemicals,2025,GBP,296400000.0,132600000.0,39800000.0,27800000.0,0.4474,0.1343,0.0938,2026-08-10
Vistry Group,VTY,VTY.L,Home Construction,2022,GBP,2771300000.0,413700000.0,212500000.0,204300000.0,0.1493,0.0767,0.0737,2026-08-10
Vistry Group,VTY,VTY.L,Home Construction,2023,GBP,3564200000.0,533600000.0,300000000.0,215000000.0,0.1497,0.0842,0.0603,2026-08-10
Vistry Group,VTY,VTY.L,Home Construction,2024,GBP,3779300000.0,291700000.0,167000000.0,74500000.0,0.0772,0.0442,0.0197,2026-08-10
Vistry Group,VTY,VTY.L,Home Construction,2025,GBP,3613700000.0,389600000.0,222600000.0,138000000.0,0.1078,0.0616,0.0382,2026-08-10
Volution Group,FAN,FAN.L,Construction & Materials,2022,GBP,307701000.0,147098000.0,49659000.0,35610000.0,0.4781,0.1614,0.1157,2026-08-10
Volution Group,FAN,FAN.L,Construction & Materials,2023,GBP,328008000.0,158859000.0,58557000.0,37373000.0,0.4843,0.1785,0.1139,2026-08-10
Volution Group,FAN,FAN.L,Construction & Materials,2024,GBP,347611000.0,178267000.0,68511000.0,42797000.0,0.5128,0.1971,0.1231,2026-08-10
WHSmith,SMWH,SMWH.L,Retailers,2022,GBP,1400000000.0,862000000.0,116000000.0,47000000.0,0.6157,0.0829,0.0336,2026-08-10
WHSmith,SMWH,SMWH.L,Retailers,2023,GBP,1793000000.0,1111000000.0,179000000.0,79000000.0,0.6196,0.0998,0.0441,2026-08-10
WHSmith,SMWH,SMWH.L,Retailers,2024,GBP,1473000000.0,852000000.0,151000000.0,54000000.0,0.5784,0.1025,0.0367,2026-08-10
WHSmith,SMWH,SMWH.L,Retailers,2025,GBP,1553000000.0,889000000.0,145000000.0,-144000000.0,0.5724,0.0934,-0.0927,2026-08-10
WPP,WPP,WPP.L,Media,2022,GBP,14429000000.0,2539000000.0,1358000000.0,683000000.0,0.176,0.0941,0.0473,2026-08-10
WPP,WPP,WPP.L,Media,2023,GBP,14845000000.0,2519000000.0,531000000.0,110000000.0,0.1697,0.0358,0.0074,2026-08-10
WPP,WPP,WPP.L,Media,2024,GBP,14741000000.0,2451000000.0,1325000000.0,542000000.0,0.1663,0.0899,0.0368,2026-08-10
WPP,WPP,WPP.L,Media,2025,GBP,13550000000.0,2146000000.0,382000000.0,-215000000.0,0.1584,0.0282,-0.0159,2026-08-10
Watches of Switzerland,WOSG,WOSG.L,Personal Goods,2023,GBP,1542800000.0,218700000.0,178800000.0,121800000.0,0.1418,0.1159,0.0789,2026-08-10
Watches of Switzerland,WOSG,WOSG.L,Personal Goods,2024,GBP,1537900000.0,189900000.0,152400000.0,59100000.0,0.1235,0.0991,0.0384,2026-08-10
Watches of Switzerland,WOSG,WOSG.L,Personal Goods,2025,GBP,1651500000.0,211200000.0,167600000.0,53800000.0,0.1279,0.1015,0.0326,2026-08-10
Watches of Switzerland,WOSG,WOSG.L,Personal Goods,2026,GBP,1827900000.0,237200000.0,178800000.0,98800000.0,0.1298,0.0978,0.0541,2026-08-10
Wetherspoons,JDW,JDW.L,Travel & Leisure,2022,GBP,1740477000.0,100275000.0,55104000.0,19267000.0,0.0576,0.0317,0.0111,2026-08-10
Wetherspoons,JDW,JDW.L,Travel & Leisure,2023,GBP,1925044000.0,,107116000.0,59587000.0,,0.0556,0.031,2026-08-10
Wetherspoons,JDW,JDW.L,Travel & Leisure,2024,GBP,2035500000.0,,143644000.0,48785000.0,,0.0706,0.024,2026-08-10
Wickes,WIX,WIX.L,Retailers,2022,GBP,1562400000.0,572200000.0,68800000.0,31900000.0,0.3662,0.044,0.0204,2026-08-10
Wickes,WIX,WIX.L,Retailers,2023,GBP,1553800000.0,565000000.0,62900000.0,29800000.0,0.3636,0.0405,0.0192,2026-08-10
Wickes,WIX,WIX.L,Retailers,2024,GBP,1544500000.0,566600000.0,47300000.0,18100000.0,0.3669,0.0306,0.0117,2026-08-10
Wickes,WIX,WIX.L,Retailers,2025,GBP,1636200000.0,603800000.0,70600000.0,38500000.0,0.369,0.0431,0.0235,2026-08-10
Wizz Air,WIZZ,WIZZ.L,Travel & Leisure,2023,EUR,3895700000.0,-262600000.0,-566800000.0,-523000000.0,-0.0674,-0.1455,-0.1343,2026-08-10
Wizz Air,WIZZ,WIZZ.L,Travel & Leisure,2024,EUR,5073100000.0,525600000.0,437900000.0,376600000.0,0.1036,0.0863,0.0742,2026-08-10
Wizz Air,WIZZ,WIZZ.L,Travel & Leisure,2025,EUR,5267600000.0,335100000.0,167500000.0,225800000.0,0.0636,0.0318,0.0429,2026-08-10
Wizz Air,WIZZ,WIZZ.L,Travel & Leisure,2026,EUR,5691400000.0,202800000.0,139700000.0,2200000.0,0.0356,0.0245,0.0004,2026-08-10
XPS Pensions,XPS,XPS.L,Financial Services,2023,GBP,166596000.0,85454000.0,25402000.0,15837000.0,0.5129,0.1525,0.0951,2026-08-10
XPS Pensions,XPS,XPS.L,Financial Services,2024,GBP,199432000.0,104007000.0,36062000.0,54167000.0,0.5215,0.1808,0.2716,2026-08-10
XPS Pensions,XPS,XPS.L,Financial Services,2025,GBP,231785000.0,122384000.0,46096000.0,30343000.0,0.528,0.1989,0.1309,2026-08-10
XPS Pensions,XPS,XPS.L,Financial Services,2026,GBP,262659000.0,134221000.0,51325000.0,26558000.0,0.511,0.1954,0.1011,2026-08-10
Zigup,ZIG,ZIG.L,Support Services,2023,GBP,1489746000.0,435573000.0,221915000.0,139238000.0,0.2924,0.149,0.0935,2026-08-10
Zigup,ZIG,ZIG.L,Support Services,2024,GBP,1833127000.0,432891000.0,203621000.0,125018000.0,0.2361,0.1111,0.0682,2026-08-10
Zigup,ZIG,ZIG.L,Support Services,2025,GBP,1812644000.0,397899000.0,165402000.0,79845000.0,0.2195,0.0912,0.044,2026-08-10
Zigup,ZIG,ZIG.L,Support Services,2026,GBP,1858934000.0,421099000.0,173632000.0,76159000.0,0.2265,0.0934,0.041,2026-08-10
discoverIE,DSCV,DSCV.L,Support Services,2023,GBP,448900000.0,169200000.0,34600000.0,21300000.0,0.3769,0.0771,0.0474,2026-08-10
discoverIE,DSCV,DSCV.L,Support Services,2024,GBP,437000000.0,177000000.0,31200000.0,15500000.0,0.405,0.0714,0.0355,2026-08-10
discoverIE,DSCV,DSCV.L,Support Services,2025,GBP,422900000.0,181500000.0,42400000.0,24600000.0,0.4292,0.1003,0.0582,2026-08-10
discoverIE,DSCV,DSCV.L,Support Services,2026,GBP,443300000.0,192500000.0,45200000.0,29000000.0,0.4342,0.102,0.0654,2026-08-10
